Site Code,Site Name,Patient safety reporting,Infection control and cleanliness,Patients assessed for blood clots,NHS England patient safety notices,Care Quality Commission National Standards,Recommended by staff,Safe staffing,Green,Blue,Red
RRV03,UNIVERSITY COLLEGE HOSPITAL,Green,Green,Green,Green,Green,Green,114%,100%,0%,0%,6,0,0
RGT50,SAFFRON WALDEN COMMUNITY HOSPITAL,Green,,Green,Green,Green,Green,,100%,0%,0%,5,0,0
RGT76,HINCHINGBROOKE HOSPITAL,Green,,Green,Green,Green,Green,,100%,0%,0%,5,0,0
RJZ68,PRINCESS ROYAL UNIVERSITY HOSPITAL,Green,,Green,Green,Green,Green,,100%,0%,0%,5,0,0
RM330,PENDLETON GATEWAY,Green,,Green,Green,Green,Green,,100%,0%,0%,5,0,0
RRV60,THE ROYAL LONDON HOSPITAL FOR INTEGRATED MEDICINE,Green,,Green,Green,Green,Green,,100%,0%,0%,5,0,0
RRVE1,THE EASTMAN DENTAL HOSPITAL,Green,,Green,Green,Green,Green,,100%,0%,0%,5,0,0
RRVRH,HOSPITAL FOR TROPICAL DISEASES,Green,,Green,Green,Green,Green,,100%,0%,0%,5,0,0
RPC04,QUEEN VICTORIA HOSPITAL (EAST GRINSTEAD),,Green,Green,Green,Green,Green,96%,100%,0%,0%,5,0,0
RBV01,THE CHRISTIE,,Green,Green,Green,Green,Green,96%,100%,0%,0%,5,0,0
RAN02,ROYAL NATIONAL ORTHOPAEDIC HOSPITAL (BOLSOVER STREET),,,Green,Green,Green,Green,,100%,0%,0%,4,0,0
RBV11,CHRISTIE OUTREACH AT WIGAN,,,Green,Green,Green,Green,,100%,0%,0%,4,0,0
RL108,ROYAL SHREWSBURY HOSPITAL NORTH,,,Green,Green,Green,Green,,100%,0%,0%,4,0,0
RM315,FAIRFIELD HOSPITAL,Green,,Green,Green,,Green,,100%,0%,0%,4,0,0
RP603,MOORFIELDS AT ST ANN'S HOSPITAL,,,Green,Green,Green,Green,,100%,0%,0%,4,0,0
RP606,MOORFIELDS AT NORTHWICK PARK HOSPITAL,,,Green,Green,Green,Green,,100%,0%,0%,4,0,0
RP607,MOORFIELDS AT MILE END HOSPITAL,,,Green,Green,Green,Green,,100%,0%,0%,4,0,0
RP610,MOORFIELDS AT EALING HOSPITAL,,,Green,Green,Green,Green,,100%,0%,0%,4,0,0
RP616,MOORFIELDS AT BEDFORD HOSPITAL,,,Green,Green,Green,Green,,100%,0%,0%,4,0,0
RRV11,UNIVERSITY COLLEGE HOSPITAL ELIZABETH GARRETT ANDERSON WING,Green,,Green,Green,,Green,110%,100%,0%,0%,4,0,0
RP604,MOORFIELDS AT ST GEORGE'S HOSPITAL,,,Green,Green,Green,Green,105%,100%,0%,0%,4,0,0
RJZ30,PRINCESS ROYAL UNIVERSITY HOSPITAL,Green,,Green,Green,,Green,102%,100%,0%,0%,4,0,0
RP601,MOORFIELDS EYE HOSPITAL (CITY ROAD),,,Green,Green,Green,Green,100%,100%,0%,0%,4,0,0
RL131,ROBERT JONES & AGNES HUNT ORTHOPAEDIC HOSPITAL,,,Green,Green,Green,Green,99%,100%,0%,0%,4,0,0
RGT32,ROSIE HOSPITAL,Green,,Green,Green,,Green,94%,100%,0%,0%,4,0,0
REN20,THE CLATTERBRIDGE CANCER CENTRE,,,Green,Green,Green,Green,92%,100%,0%,0%,4,0,0
R1D34,WHITCHURCH HOSPITAL,,,Green,Green,Green,,,100%,0%,0%,3,0,0
RW159,ST JAMES' HOSPITAL,,,Green,Green,Green,,,100%,0%,0%,3,0,0
RW196,CHASE HOSPITAL,,,Green,Green,Green,,,100%,0%,0%,3,0,0
RW1FY,ROMSEY HOSPITAL,,,Green,Green,Green,,,100%,0%,0%,3,0,0
RW1Q6,HYTHE HOSPITAL,,,Green,Green,Green,,,100%,0%,0%,3,0,0
RWNJ3,CLIFTON LODGE,,,Green,Green,Green,,,100%,0%,0%,3,0,0
RWNK9,BROCKFIELD HOUSE,,,Green,Green,Green,,,100%,0%,0%,3,0,0
RWNM2,LIME TREES (MENTAL HEALTH SERVICES),,,Green,Green,Green,,,100%,0%,0%,3,0,0
RY24A,PARTINGTON HEALTH CENTRE,,,Green,Green,Green,,,100%,0%,0%,3,0,0
RY29M,ST HELENS HOSPITAL,,,Green,Green,Green,,,100%,0%,0%,3,0,0
RY2T5,PADGATE HOUSE RESIDENTIAL CARE,,,Green,Green,Green,,,100%,0%,0%,3,0,0
RY584,HORNCASTLE WAR MEMORIAL HOSPITAL,,,Green,Green,Green,,,100%,0%,0%,3,0,0
RY8AC,LOUGHBOROUGH HOSPITAL,,,Green,Green,Green,,,100%,0%,0%,3,0,0
RY8DJ,HINCKLEY & BOSWORTH COMMUNITY HOSPITAL,,,Green,Green,Green,,,100%,0%,0%,3,0,0
RYV04,DODDINGTON HOSPITAL,,,Green,Green,Green,,,100%,0%,0%,3,0,0
RY335,KELLING HOSPITAL,,,Green,Green,Green,,121%,100%,0%,0%,3,0,0
RY319,DEREHAM HOSPITAL,,,Green,Green,Green,,117%,100%,0%,0%,3,0,0
RW154,MOORGREEN HOSPITAL,,,Green,Green,Green,,111%,100%,0%,0%,3,0,0
RY8NR,CLAY CROSS HOSPITAL,,,Green,Green,Green,,110%,100%,0%,0%,3,0,0
RY312,NORWICH COMMUNITY HOSPITAL,,,Green,Green,Green,,110%,100%,0%,0%,3,0,0
RW1YM,LYMINGTON NEW FOREST HOSPITAL,,,Green,Green,Green,,106%,100%,0%,0%,3,0,0
RWN10,ROCHFORD COMMUNITY HOSPITAL,,,Green,Green,Green,,106%,100%,0%,0%,3,0,0
RY311,COLMAN HOSPITAL,,,Green,Green,Green,,106%,100%,0%,0%,3,0,0
R1D25,BISHOPS CASTLE HOSPITAL,,,Green,Green,Green,,106%,100%,0%,0%,3,0,0
RY8NT,BOLSOVER HOSPITAL,,,Green,Green,Green,,105%,100%,0%,0%,3,0,0
RW155,WESTERN COMMUNITY HOSPITAL,,,Green,Green,Green,,105%,100%,0%,0%,3,0,0
RET20,THE WALTON CENTRE NHS FOUNDATION TRUST,,,Green,Green,,Green,104%,100%,0%,0%,3,0,0
RWN50,THURROCK COMMUNITY HOSPITAL,,,Green,Green,Green,,104%,100%,0%,0%,3,0,0
RYV01,BROOKFIELDS HOSPITAL,,,Green,Green,Green,,103%,100%,0%,0%,3,0,0
RP401,GREAT ORMOND STREET HOSPITAL CENTRAL LONDON SITE,,,,Green,Green,Green,103%,100%,0%,0%,3,0,0
RYV02,NORTH CAMBRIDGESHIRE HOSPITAL,,,Green,Green,Green,,103%,100%,0%,0%,3,0,0
RY33E,SWAFFHAM COMMUNITY HOSPITAL,,,Green,Green,Green,,101%,100%,0%,0%,3,0,0
RYV03,PRINCESS OF WALES HOSPITAL,,,Green,Green,Green,,100%,100%,0%,0%,3,0,0
RQ301,BIRMINGHAM CHILDREN'S HOSPITAL,,,,Green,Green,Green,100%,100%,0%,0%,3,0,0
RY332,NORTH WALSHAM HOSPITAL,,,Green,Green,Green,,100%,100%,0%,0%,3,0,0
R1D22,BRIDGNORTH HOSPITAL,,,Green,Green,Green,,99%,100%,0%,0%,3,0,0
RW170,PETERSFIELD HOSPITAL,,,Green,Green,Green,,98%,100%,0%,0%,3,0,0
R1D21,LUDLOW HOSPITAL,,,Green,Green,Green,,97%,100%,0%,0%,3,0,0
RW194,ALTON COMMUNITY HOSPITAL,,,Green,Green,Green,,96%,100%,0%,0%,3,0,0
RY352,MILL CLOSE (5),,,Green,Green,Green,,96%,100%,0%,0%,3,0,0
RW178,FORDINGBRIDGE,,,Green,Green,Green,,92%,100%,0%,0%,3,0,0
RW158,GOSPORT WAR MEMORIAL HOSPITAL,,,Green,Green,Green,,91%,100%,0%,0%,3,0,0
RCUEF,SHEFFIELD CHILDREN'S HOSPITAL,,,,Green,Green,Green,87%,100%,0%,0%,3,0,0
R1ACG,PRINCESS OF WALES HOSPITAL,,,,Green,Green,,,100%,0%,0%,2,0,0
R1ACW,PERSHORE HOSPITAL,,,,Green,Green,,,100%,0%,0%,2,0,0
R1E07,CANNOCK CHASE HOSPITAL,,,,Green,Green,,,100%,0%,0%,2,0,0
R1E36,STONEYDELPH HEALTH CENTRE,,,,Green,Green,,,100%,0%,0%,2,0,0
R1E80,MEIR HEALTH CENTRE,,,,Green,Green,,,100%,0%,0%,2,0,0
R1ED6,BENTILEE NEIGHBOURHOOD CENTRE,,,,Green,Green,,,100%,0%,0%,2,0,0
R1EG3,MORSTON HOUSE,,,,Green,Green,,,100%,0%,0%,2,0,0
R1G26,BRIXHAM CLINIC,,,,Green,Green,,,100%,0%,0%,2,0,0
RDR05,BRIGHTON GENERAL HOSPITAL,,,,Green,Green,,,100%,0%,0%,2,0,0
RDR3L,HORSHAM HOSPITAL,,,,Green,Green,,,100%,0%,0%,2,0,0
RDR3M,HOLLY LODGE,,,,Green,Green,,,100%,0%,0%,2,0,0
RGD10,ASKET CROFT,,,,Green,Green,,,100%,0%,0%,2,0,0
RH5F3,BRIDGWATER HOSPITAL,,,,Green,Green,,,100%,0%,0%,2,0,0
RH5H3,GLASTONBURY PCDS,,,,Green,Green,,,100%,0%,0%,2,0,0
RHAFJ,ASHFIELD COMMUNITY HOSPITAL,,,,Green,Green,,,100%,0%,0%,2,0,0
RHALX,HYSON GREEN (MARY POTTER) HEALTH CENTRE,,,,Green,Green,,,100%,0%,0%,2,0,0
RHAMF,STRELLEY HEALTH CENTRE,,,,Green,Green,,,100%,0%,0%,2,0,0
RJ866,BODMIN HOSPITAL,,,,Green,Green,,,100%,0%,0%,2,0,0
RNNBX,WEST CUMBERLAND HOSPITAL,,,,Green,Green,,,100%,0%,0%,2,0,0
RNU28,HENLEY CMHT,,,,Green,Green,,,100%,0%,0%,2,0,0
RP7MB,MENTAL HEALTH UNIT - BEACONFIELD,,,,Green,Green,,,100%,0%,0%,2,0,0
RRED9,SHELTON HOSPITAL,,,,Green,Green,,,100%,0%,0%,2,0,0
RT114,LUCILLE VAN GEEST CENTRE,,,,Green,Green,,,100%,0%,0%,2,0,0
RT1JJ,MENTAL HEALTH UNIT,,,,Green,Green,,,100%,0%,0%,2,0,0
RT201,FAIRFIELD GENERAL HOSPITAL MENTAL HEALTH SERVICES,,,,Green,Green,,,100%,0%,0%,2,0,0
RT202,TAMESIDE HOSPITAL MENTAL HEALTH SERVICES,,,,Green,Green,,,100%,0%,0%,2,0,0
RT203,ROYAL OLDHAM HOSPITAL MENTAL HEALTH SERVICES,,,,Green,Green,,,100%,0%,0%,2,0,0
RT204,BIRCH HILL HOSPITAL MENTAL HEALTH SERVICES,,,,Green,Green,,,100%,0%,0%,2,0,0
RT205,STEPPING HILL HOSPITAL MENTAL HEALTH SERVICES,,,,Green,Green,,,100%,0%,0%,2,0,0
RT210,REHABILITATION - HEATHFIELD HOUSE,,,,Green,Green,,,100%,0%,0%,2,0,0
RT596,EAST LEICESTERSHIRE ADULT TEAM (MELTON),,,,Green,Green,,,100%,0%,0%,2,0,0
RTV04,WIGAN 1 (HES SUBMISSION),,,,Green,Green,,,100%,0%,0%,2,0,0
RTV51,KNOWSLEY RESOURCE & RECOVERY CENTRE,,,,Green,Green,,,100%,0%,0%,2,0,0
RV332,SOUTH KENSINGTON & CHELSEA MENTAL HEALTH CENTRE,,,,Green,Green,,,100%,0%,0%,2,0,0
RV913,WITHERNSEA HOSPITAL,,,,Green,Green,,,100%,0%,0%,2,0,0
RV934,NEW BRIDGES,,,,Green,Green,,,100%,0%,0%,2,0,0
RV941,HAWTHORNE COURT,,,,Green,Green,,,100%,0%,0%,2,0,0
RV945,MIRANDA HOUSE,,,,Green,Green,,,100%,0%,0%,2,0,0
RW5EP,GARSTANG ROAD,,,,Green,Green,,,100%,0%,0%,2,0,0
RW5RG,BARBARA CASTLE WAY HEALTH CENTRE,,,,Green,Green,,,100%,0%,0%,2,0,0
RWK57,EASTONE BUILDING,,,,Green,Green,,,100%,0%,0%,2,0,0
RWX80,KING EDWARD VII,,,,Green,Green,,,100%,0%,0%,2,0,0
RWX87,WEXHAM PARK HOSPITAL,,,,Green,Green,,,100%,0%,0%,2,0,0
RX2G9,AVENIDA HOUSE,,,,Green,Green,,,100%,0%,0%,2,0,0
RX4E5,DEPARTMENT OF PSYCHIATRY (ROYAL VICTORIA INFIRMARY),,,,Green,Green,,,100%,0%,0%,2,0,0
RXGCC,DALES UNIT,,,,Green,Green,,,100%,0%,0%,2,0,0
RXT37,LITTLE BROMWICH,,,,Green,Green,,,100%,0%,0%,2,0,0
RXTC1,B1 BSMHT HQ,,,,Green,Green,,,100%,0%,0%,2,0,0
RY1A5,LITHERLAND TOWN HALL HEALTH CENTRE,,,,Green,Green,,,100%,0%,0%,2,0,0
RY701,ST CATHERINES HOSPITAL,,,,Green,Green,,,100%,0%,0%,2,0,0
RYF45,TRUST HQ,,,,Green,Green,,,100%,0%,0%,2,0,0
RYGCR,WAYSIDE HOUSE,,,,Green,Green,,,100%,0%,0%,2,0,0
RYGCS,GRAMER CARE BUNGALOW (HOLLY HOUSE),,,,Green,Green,,,100%,0%,0%,2,0,0
RYGCW,AVENUE CLINIC,,,,Green,Green,,,100%,0%,0%,2,0,0
RYGCY,THE PARK PALING,,,,Green,Green,,,100%,0%,0%,2,0,0
RYGDA,WALL HILL ROAD,,,,Green,Green,,,100%,0%,0%,2,0,0
RYGEJ,PROVIDER SERVICES HQ,,,,Green,Green,,,100%,0%,0%,2,0,0
RYW13,RIVERSIDE LODGE,,,,Green,Green,,,100%,0%,0%,2,0,0
RYW21,BIRMINGHAM DENTAL HOSPITAL,,,,Green,Green,,,100%,0%,0%,2,0,0
RYW22,SHELDON NURSING HOME,,,,Green,Green,,,100%,0%,0%,2,0,0
RKL48,CASSEL HOSPITAL,,,,Green,Green,,167%,100%,0%,0%,2,0,0
RW5EF,RIBBLETON HOSPITAL,,,,Green,Green,,165%,100%,0%,0%,2,0,0
RPGAH,WOODLANDS,,,,Green,Green,,146%,100%,0%,0%,2,0,0
RW5DA,CHORLEY AND SOUTH RIBBLE HOSPITAL,,,,Green,Green,,145%,100%,0%,0%,2,0,0
RX2E7,DEPARTMENT OF PSYCHIATRY,,,,Green,Green,,143%,100%,0%,0%,2,0,0
RVN9A,FOUNTAIN WAY,,,,Green,Green,,142%,100%,0%,0%,2,0,0
RX4W4,WALKERGATE PARK HOSPITAL,,,,Green,Green,,140%,100%,0%,0%,2,0,0
RX464,CHERRY KNOWLE HOSPITAL,,,,Green,Green,,138%,100%,0%,0%,2,0,0
RW5GD,LYTHAM HOSPITAL,,,,Green,Green,,135%,100%,0%,0%,2,0,0
RYK10,DOROTHY PATTISON HOSPITAL,,,,Green,Green,,135%,100%,0%,0%,2,0,0
RXX2T,WEST PARK,,,,Green,Green,,134%,100%,0%,0%,2,0,0
RMY03,NORTHGATE HOSPITAL,,,,Green,Green,,133%,100%,0%,0%,2,0,0
RTVL5,FAIRHAVEN YOUNG PEOPLES UNIT,,,,Green,Green,,133%,100%,0%,0%,2,0,0
RW5FA,ORMSKIRK AND DISTRICT GENERAL HOSPITAL,,,,Green,Green,,126%,100%,0%,0%,2,0,0
RX4E2,ST GEORGES HOSPITAL SITE (MORPETH),,,,Green,Green,,126%,100%,0%,0%,2,0,0
RYK01,BLOXWICH HOSPITAL (MENTAL ILLNESS),,,,Green,Green,,125%,100%,0%,0%,2,0,0
RY386,OGDEN COURT,,,Green,Green,,,125%,100%,0%,0%,2,0,0
RX4E4,ST NICHOLAS HOSPITAL (NEWCASTLE UPON TYNE),,,,Green,Green,,123%,100%,0%,0%,2,0,0
RRE11,ST GEORGE'S HOSPITAL,,,,Green,Green,,121%,100%,0%,0%,2,0,0
RW1AM,ELMLEIGH,,,Green,Green,,,121%,100%,0%,0%,2,0,0
RW5AQ,LONGRIDGE COMMUNITY HOSPITAL,,,,Green,Green,,121%,100%,0%,0%,2,0,0
RGD05,THE MOUNT,,,,Green,Green,,121%,100%,0%,0%,2,0,0
RY8AK,ASH GREEN,,,Green,Green,,,120%,100%,0%,0%,2,0,0
RW1AN,HOLLYBANK,,,Green,Green,,,120%,100%,0%,0%,2,0,0
RNNBD,KESWICK HOSPITAL,,,,Green,Green,,119%,100%,0%,0%,2,0,0
R1G09,ASHBURTON AND BUCKFASTLEIGH HOSPITAL,,,,Green,Green,,119%,100%,0%,0%,2,0,0
RMY02,JULIAN HOSPITAL,,,,Green,Green,,117%,100%,0%,0%,2,0,0
RX442,TRANWELL UNIT,,,,Green,Green,,116%,100%,0%,0%,2,0,0
RPGAG,MEMORIAL HOSPITAL,,,,Green,Green,,115%,100%,0%,0%,2,0,0
RYK34,BUSHEY FIELDS HOSPITAL,,,,Green,Green,,115%,100%,0%,0%,2,0,0
RP1V4,BERRYWOOD HOSPITAL,,,,Green,Green,,114%,100%,0%,0%,2,0,0
RV502,THE LAMBETH HOSPITAL,,,,Green,Green,,114%,100%,0%,0%,2,0,0
RW146,TATCHBURY MOUNT,,,Green,Green,,,113%,100%,0%,0%,2,0,0
RXT76,"WARDS 10, 21, BRUCE BURNS AND ICU",,,,Green,Green,,113%,100%,0%,0%,2,0,0
RY412,QUEEN VICTORIA MEMORIAL HOSPITAL,,,,Green,Green,,113%,100%,0%,0%,2,0,0
RVNEB,BRENTRY SITE,,,,Green,Green,,113%,100%,0%,0%,2,0,0
RX4K2,MONKWEARMOUTH HOSPITAL,,,,Green,Green,,113%,100%,0%,0%,2,0,0
RY568,JOHN COUPLAND COMMUNITY HOSPITAL,,,Green,Green,,,112%,100%,0%,0%,2,0,0
RV505,BETHLEM ROYAL HOSPITAL,,,,Green,Green,,112%,100%,0%,0%,2,0,0
R1G54,BOVEY TRACEY HOSPITAL,,,,Green,Green,,112%,100%,0%,0%,2,0,0
RX3MM,WEST PARK HOSPITAL,,,,Green,Green,,110%,100%,0%,0%,2,0,0
RQY01,SPRINGFIELD UNIVERSITY HOSPITAL,,,,Green,Green,,110%,100%,0%,0%,2,0,0
RX3AT,AUCKLAND PARK HOSPITAL,,,,Green,Green,,110%,100%,0%,0%,2,0,0
RXG82,KENDRAY HOSPITAL,,,,Green,Green,,109%,100%,0%,0%,2,0,0
RW156,ROYAL HAMPSHIRE HOSPITAL,,,Green,Green,,,109%,100%,0%,0%,2,0,0
RVN6A,GREEN LANE HOSPITAL,,,,Green,Green,,109%,100%,0%,0%,2,0,0
RV933,WESTLANDS,,,,Green,Green,,109%,100%,0%,0%,2,0,0
RP1J6,DANETRE HOSPITAL,,,,Green,Green,,108%,100%,0%,0%,2,0,0
RX467,NORTHGATE HOSPITAL SITE,,,,Green,Green,,108%,100%,0%,0%,2,0,0
RGDAB,NEWSAM CENTRE,,,,Green,Green,,108%,100%,0%,0%,2,0,0
RATGM,GOODMAYES HOSPITAL,,,,Green,Green,,108%,100%,0%,0%,2,0,0
RPGAB,BRACTON CENTRE,,,,Green,Green,,108%,100%,0%,0%,2,0,0
RW1C3,MARY GRAHAM RAVENSWOOD,,,Green,Green,,,107%,100%,0%,0%,2,0,0
RY8DG,RIPLEY HOSPITAL,,,Green,Green,,,107%,100%,0%,0%,2,0,0
RMYMV,ST CLEMENTS HOSPITAL,,,,Green,Green,,107%,100%,0%,0%,2,0,0
RWNM7,BEDFORD HOSPITAL SOUTH,,,Green,Green,,,107%,100%,0%,0%,2,0,0
RYW01,COMMUNITY UNIT 3 GOOD HOPE HOSPITAL,,,,Green,Green,,107%,100%,0%,0%,2,0,0
RV942,MILL VIEW COURT,,,,Green,Green,,107%,100%,0%,0%,2,0,0
RYG58,WAYSIDE HOUSE - TRUST HQ,,,,Green,Green,,107%,100%,0%,0%,2,0,0
R1G12,NEWTON ABBOT HOSPITAL,,,,Green,Green,,107%,100%,0%,0%,2,0,0
RY838,WHITWORTH HOSPITAL,,,Green,Green,,,107%,100%,0%,0%,2,0,0
R1CF2,ST JAMES' HOSPITAL,,,,Green,Green,,107%,100%,0%,0%,2,0,0
RVN2B,ST MARTINS HOSPITAL (BATH),,,,Green,Green,,106%,100%,0%,0%,2,0,0
RW5LA,RIDGE LEA HOSPITAL,,,,Green,Green,,106%,100%,0%,0%,2,0,0
RWNM4,TOWNSEND COURT (MENTAL HEALTH SERVICES),,,Green,Green,,,106%,100%,0%,0%,2,0,0
RW5EE,ROYAL PRESTON HOSPITAL,,,,Green,Green,,105%,100%,0%,0%,2,0,0
RY402,POTTERS BAR COMMUNITY HOSPITAL,,,,Green,Green,,105%,100%,0%,0%,2,0,0
R1C03,WESTERN COMMUNITY HOSPITAL,,,,Green,Green,,105%,100%,0%,0%,2,0,0
R1G01,PAIGNTON HOSPITAL,,,,Green,Green,,105%,100%,0%,0%,2,0,0
RXG84,MOUNT VERNON HOSPITAL,,,,Green,Green,,105%,100%,0%,0%,2,0,0
RXGDD,PRIESTLEY UNIT,,,,Green,Green,,105%,100%,0%,0%,2,0,0
R1G55,SOUTH HAMS (KINGSBRIDGE) HOSPITAL,,,,Green,Green,,104%,100%,0%,0%,2,0,0
RW1C4,MALCOLM FAULK RAVENSWOOD,,,Green,Green,,,104%,100%,0%,0%,2,0,0
RY310,LITTLE ACORNS,,,Green,Green,,,104%,100%,0%,0%,2,0,0
RX213,MILL VIEW HOSPITAL,,,,Green,Green,,104%,100%,0%,0%,2,0,0
RW1AR,SOUTHFIELDS,,,Green,Green,,,104%,100%,0%,0%,2,0,0
RWNM5,OAKLEY COURT (MENTAL HEALTH SERVICES),,,Green,Green,,,104%,100%,0%,0%,2,0,0
RX3CL,LANCHESTER ROAD HOSPITAL,,,,Green,Green,,104%,100%,0%,0%,2,0,0
RX277,MEADOWFIELD,,,,Green,Green,,104%,100%,0%,0%,2,0,0
RX3FL,ROSEBERRY PARK,,,,Green,Green,,104%,100%,0%,0%,2,0,0
RY8DE,BABINGTON HOSPITAL,,,Green,Green,,,104%,100%,0%,0%,2,0,0
RWNH0,4 HEATH CLOSE - RESPITE,,,Green,Green,,,103%,100%,0%,0%,2,0,0
RY8RH,ILKESTON COMMUNITY HOSPITAL,,,Green,Green,,,103%,100%,0%,0%,2,0,0
RVN8A,SANDALWOOD COURT,,,,Green,Green,,103%,100%,0%,0%,2,0,0
RWK62,CITY AND HACKNEY CENTRE FOR MENTAL HEALTH,,,,Green,Green,,103%,100%,0%,0%,2,0,0
RV938,MAISTER LODGE,,,,Green,Green,,103%,100%,0%,0%,2,0,0
RX454,SOUTH TYNESIDE DISTRICT GENERAL HOSPITAL,,,,Green,Green,,103%,100%,0%,0%,2,0,0
RLY87,GREENFIELDS CENTRE,,,,Green,Green,,102%,100%,0%,0%,2,0,0
RYG79,ST MICHAEL'S,,,,Green,Green,,102%,100%,0%,0%,2,0,0
RNNCB,COCKERMOUTH HOSPITAL,,,,Green,Green,,102%,100%,0%,0%,2,0,0
RV9HE,EAST RIDING COMMUNITY HOSPITAL,,,,Green,Green,,101%,100%,0%,0%,2,0,0
RY8NW,CAVENDISH HOSPITAL,,,Green,Green,,,101%,100%,0%,0%,2,0,0
RQY07,QUEEN MARY'S HOSPITAL,,,,Green,Green,,101%,100%,0%,0%,2,0,0
RWNM8,FOUNTAINS COURT (MENTAL HEALTH SERVICES),,,Green,Green,,,101%,100%,0%,0%,2,0,0
RWN92,ARCHER UNIT,,,Green,Green,,,101%,100%,0%,0%,2,0,0
RWNM3,LONDON ROAD (MENTAL HEALTH SERVICES),,,Green,Green,,,101%,100%,0%,0%,2,0,0
RY20N,NEWTON COMMUNITY HOSPITAL,,,Green,Green,,,101%,100%,0%,0%,2,0,0
R1G56,TAVISTOCK HOSPITAL,,,,Green,Green,,101%,100%,0%,0%,2,0,0
RWN65,MOUNTNESSING COURT,,,Green,Green,,,101%,100%,0%,0%,2,0,0
RDR2F,MIDHURST COMMUNITY HOSPITAL,,,,Green,Green,,101%,100%,0%,0%,2,0,0
RRP46,ST ANN'S HOSPITAL,,,,Green,Green,,100%,100%,0%,0%,2,0,0
R1C34,THE ROYAL SOUTH HANTS HOSPITAL,,,,Green,Green,,100%,100%,0%,0%,2,0,0
RY351,MILL CLOSE (3),,,Green,Green,,,100%,100%,0%,0%,2,0,0
RWX70,WOKINGHAM COMMUNITY HOSPITAL,,,,Green,Green,,100%,100%,0%,0%,2,0,0
RLY88,HARPLANDS HOSPITAL,,,,Green,Green,,100%,100%,0%,0%,2,0,0
RVN3N,SOUTHMEAD HOSPITAL AWP,,,,Green,Green,,100%,100%,0%,0%,2,0,0
RWNL3,OTHER COMMUNITY PREMISES,,,Green,Green,,,100%,100%,0%,0%,2,0,0
RP7EV,ACUTE MENTAL HEALTH UNIT & DAY HOSPITAL,,,,Green,Green,,100%,100%,0%,0%,2,0,0
R1DG5,WHITCHURCH COMMUNITY HOSPITAL,,,Green,Green,,,100%,100%,0%,0%,2,0,0
RH5F8,WEST MENDIP COMMUNITY HOSPITAL,,,,Green,Green,,100%,100%,0%,0%,2,0,0
RNNWG,WESTMORLAND GENERAL HOSPITAL,,,,Green,Green,,100%,100%,0%,0%,2,0,0
RNUCK,DIDCOT COMMUNITY HOSPITAL,,,,Green,Green,,100%,100%,0%,0%,2,0,0
RNUDJ,WALLINGFORD COMMUNITY HOSPITAL,,,,Green,Green,,100%,100%,0%,0%,2,0,0
RW403,HESKETH CENTRE,,,,Green,Green,,100%,100%,0%,0%,2,0,0
RW453,WAVERTREE BUNGALOW,,,,Green,Green,,100%,100%,0%,0%,2,0,0
RWN91,BIGGLESWADE HOSPITAL,,,Green,Green,,,100%,100%,0%,0%,2,0,0
RHA04,RAMPTON HOSPITAL,,,,Green,Green,,100%,100%,0%,0%,2,0,0
RWN20,RUNWELL HOSPITAL,,,Green,Green,,,100%,100%,0%,0%,2,0,0
RW401,RATHBONE HOSPITAL,,,,Green,Green,,100%,100%,0%,0%,2,0,0
RHABL,MANSFIELD COMMUNITY HOSPITAL,,,,Green,Green,,100%,100%,0%,0%,2,0,0
RHANN,LINGS BAR HOSPITAL,,,,Green,Green,,100%,100%,0%,0%,2,0,0
RP7CG,OLDER PEOPLES MENTAL HEALTH SERVICES,,,,Green,Green,,100%,100%,0%,0%,2,0,0
RW404,ASHWORTH HOSPITAL,,,,Green,Green,,100%,100%,0%,0%,2,0,0
RHABW,MILLBROOK MENTAL HEALTH UNIT,,,,Green,Green,,100%,100%,0%,0%,2,0,0
R1EE3,LEEK MOORLANDS HOSPITAL,,,,Green,Green,,100%,100%,0%,0%,2,0,0
RHANA,THE WELLS ROAD CENTRE,,,,Green,Green,,100%,100%,0%,0%,2,0,0
R1EE4,CHEADLE HOSPITAL,,,,Green,Green,,100%,100%,0%,0%,2,0,0
RW190,WOODHAVEN,,,Green,Green,,,100%,100%,0%,0%,2,0,0
R1E75,LONGTON HOSPITAL,,,,Green,Green,,100%,100%,0%,0%,2,0,0
RY390,BENJAMIN COURT,,,Green,Green,,,100%,100%,0%,0%,2,0,0
RY387,CRANMER HOUSE,,,Green,Green,,,100%,100%,0%,0%,2,0,0
RW1XN,LYNDHURST RAVENSWOOD,,,Green,Green,,,100%,100%,0%,0%,2,0,0
R1G13,TEIGNMOUTH HOSPITAL,,,,Green,Green,,100%,100%,0%,0%,2,0,0
RHARA,UNIVERSITY HOSPITAL,,,,Green,Green,,100%,100%,0%,0%,2,0,0
RX3NH,SANDWELL PARK,,,,Green,Green,,99%,100%,0%,0%,2,0,0
RWV55,TORBAY HOSPITAL,,,,Green,Green,,99%,100%,0%,0%,2,0,0
RWNL8,WOODLEA CLINIC (LEARNING DISABILITY SERVICE),,,Green,Green,,,99%,100%,0%,0%,2,0,0
RH5F2,CHARD HOSPITAL,,,,Green,Green,,99%,100%,0%,0%,2,0,0
RXT24,GROVE AVENUE,,,,Green,Green,,99%,100%,0%,0%,2,0,0
RLY36,DRAGON SQUARE COMMUNITY UNIT,,,,Green,Green,,99%,100%,0%,0%,2,0,0
RWN70,CHURCH VIEW,,,Green,Green,,,99%,100%,0%,0%,2,0,0
R1E56,HAYWOOD HOSPITAL,,,,Green,Green,,99%,100%,0%,0%,2,0,0
RH5G5,FROME COMMUNITY HOSPITAL,,,,Green,Green,,99%,100%,0%,0%,2,0,0
RNUCE,BICESTER COMMUNITY HOSPITAL,,,,Green,Green,,99%,100%,0%,0%,2,0,0
RHAAA,BASSETLAW HOSPITAL,,,,Green,Green,,99%,100%,0%,0%,2,0,0
RX3LF,WEST LANE HOSPITAL,,,,Green,Green,,99%,100%,0%,0%,2,0,0
RY567,THE JOHNSON COMMUNITY HOSPITAL,,,Green,Green,,,98%,100%,0%,0%,2,0,0
RXV06,GMW TRUST HQ - PRESTWICH,,,,Green,Green,,98%,100%,0%,0%,2,0,0
RW11J,FLEET COMMUNITY HOSPITAL,,,Green,Green,,,98%,100%,0%,0%,2,0,0
RYV78,CITY CARE CENTRE,,,Green,Green,,,98%,100%,0%,0%,2,0,0
RNUDM,WITNEY COMMUNITY HOSPITAL,,,,Green,Green,,98%,100%,0%,0%,2,0,0
RKL79,HAMMERSMITH & FULHAM MENTAL HEALTH UNIT,,,,Green,Green,,98%,100%,0%,0%,2,0,0
RH5G2,WINCANTON COMMUNITY HOSPITAL,,,,Green,Green,,98%,100%,0%,0%,2,0,0
RWNTH,SAFFRON WALDEN COMMUNITY HOSPITAL,,,Green,Green,,,97%,100%,0%,0%,2,0,0
RXY03,ST MARTINS HOSPITAL,,,,Green,Green,,97%,100%,0%,0%,2,0,0
RXG18,CASTLEFORD & NORMANTON DISTRICT HOSPITAL,,,,Green,Green,,97%,100%,0%,0%,2,0,0
RWNT1,ST MARGARET'S HOSPITAL,,,Green,Green,,,97%,100%,0%,0%,2,0,0
RNU30,LITTLEMORE MENTAL HEALTH CENTRE,,,,Green,Green,,96%,100%,0%,0%,2,0,0
RW14K,ROMSEY HOSPITAL,,,Green,Green,,,96%,100%,0%,0%,2,0,0
RH5F7,SHEPTON MALLET COMMUNITY HOSPITAL,,,,Green,Green,,96%,100%,0%,0%,2,0,0
RV312,PARK ROYAL CENTRE FOR MENTAL HEALTH,,,,Green,Green,,95%,100%,0%,0%,2,0,0
RV383,NORTHWICK PARK HOSPITAL,,,,Green,Green,,95%,100%,0%,0%,2,0,0
RNUDK,WANTAGE COMMUNITY HOSPITAL,,,,Green,Green,,95%,100%,0%,0%,2,0,0
RWX85,UPTON HOSPITAL,,,,Green,Green,,95%,100%,0%,0%,2,0,0
RKL51,BROADMOOR HOSPITAL,,,,Green,Green,,95%,100%,0%,0%,2,0,0
RW1C1,ASHURST RAVENSWOOD,,,Green,Green,,,94%,100%,0%,0%,2,0,0
RV346,THE GORDON HOSPITAL,,,,Green,Green,,94%,100%,0%,0%,2,0,0
RY8AJ,WALTON HOSPITAL,,,Green,Green,,,94%,100%,0%,0%,2,0,0
RNU33,WARNEFORD HOSPITAL,,,,Green,Green,,93%,100%,0%,0%,2,0,0
RY539,SKEGNESS HOSPITAL,,,Green,Green,,,93%,100%,0%,0%,2,0,0
RV3AN,HILLINGDON HOSPITAL,,,,Green,Green,,92%,100%,0%,0%,2,0,0
R1G11,DAWLISH HOSPITAL,,,,Green,Green,,92%,100%,0%,0%,2,0,0
RKL14,LAKESIDE UNIT,,,,Green,Green,,92%,100%,0%,0%,2,0,0
RY8NA,NEWHOLME HOSPITAL,,,Green,Green,,,92%,100%,0%,0%,2,0,0
RWX84,ST MARKS HOSPITAL,,,,Green,Green,,90%,100%,0%,0%,2,0,0
RYW24,WEST HEATH HOSPITAL,,,,Green,Green,,90%,100%,0%,0%,2,0,0
RW5GA,PARKWOOD HOSPITAL,,,,Green,Green,,90%,100%,0%,0%,2,0,0
RY87V,ST OSWALD'S,,,Green,Green,,,89%,100%,0%,0%,2,0,0
RW1C5,MEON VALLEY RAVENSWOOD,,,Green,Green,,,88%,100%,0%,0%,2,0,0
RDR2V,BOGNOR REGIS WAR MEMORIAL HOSPITAL,,,,Green,Green,,81%,100%,0%,0%,2,0,0
RY572,LOUTH COMMUNITY HOSPITAL,,,Green,Green,,,80%,100%,0%,0%,2,0,0
RNNBE,PENRITH HOSPITAL,,,,Green,Green,,73%,100%,0%,0%,2,0,0
RWR10,HILL END LANE (SITE 4),,,,,Green,,,100%,0%,0%,1,0,0
RWR11,801 ST ALBANS ROAD,,,,,Green,,,100%,0%,0%,1,0,0
RWR34,MENTAL HEALTH SERVICE (LISTER HOSPITAL),,,,,Green,,,100%,0%,0%,1,0,0
RWR35,MENTAL HEALTH SERVICE (QUEEN ELIZABETH II HOSPITAL),,,,,Green,,,100%,0%,0%,1,0,0
RXE13,DONCASTER EARLY INTERVENTION,,,,,Green,,,100%,0%,0%,1,0,0
RXE65,DONCASTER LEARNING DISABILITIES HOME 36,,,,,Green,,,100%,0%,0%,1,0,0
RXE74,DONCASTER LEARNING DISABILITIES HOME 42,,,,,Green,,,100%,0%,0%,1,0,0
RYX18,ST. CHARLES HOSPITAL,,,,Green,,,,100%,0%,0%,1,0,0
RYX23,FINCHLEY MEMORIAL HOSPITAL,,,,Green,,,,100%,0%,0%,1,0,0
RYX24,EDGWARE COMMUNITY HOSPITAL,,,,Green,,,,100%,0%,0%,1,0,0
RYX27,PRINCESS LOUISE NURSING HOME,,,,Green,,,,100%,0%,0%,1,0,0
RYX30,ATHLONE HOUSE CARE HOME,,,,Green,,,,100%,0%,0%,1,0,0
RT5NH,THE AGNES UNIT,,,,Green,,,181%,100%,0%,0%,1,0,0
RKL72,THREE BRIDGES REGIONAL SECURE UNIT,,,,Green,,,174%,100%,0%,0%,1,0,0
RTV79,CAVENDISH UNIT,,,,Green,,,172%,100%,0%,0%,1,0,0
RT1DE,PETERBOROUGH LD,,,,Green,,,166%,100%,0%,0%,1,0,0
RXT51,NEWBRIDGE HOUSE,,,,Green,,,159%,100%,0%,0%,1,0,0
RXX29,FARNHAM HOSPITAL,,,,Green,,,150%,100%,0%,0%,1,0,0
RXT05,ARDENLEIGH,,,,Green,,,148%,100%,0%,0%,1,0,0
RP126,BEECHWOOD WARD,,,,Green,,,146%,100%,0%,0%,1,0,0
RGDVC,MEADOWFIELDS CUE,,,,Green,,,145%,100%,0%,0%,1,0,0
RGD03,LEEDS GENERAL INFIRMARY,,,,Green,,,141%,100%,0%,0%,1,0,0
RTQHM,OAK HOUSE,,,,Green,,,140%,100%,0%,0%,1,0,0
RJX00,CALDERSTONES NHS TRUST,,,,Green,,,136%,100%,0%,0%,1,0,0
RXE92,NTH LINCS - GREAT OAKS INPATIENT UNIT,,,,,Green,,133%,100%,0%,0%,1,0,0
RX2M1,CONQUEST HOSPITAL,,,,Green,,,131%,100%,0%,0%,1,0,0
RTQ05,WESTRIDGE ASSESSMENT AND TREATMENT SERVICE,,,,Green,,,130%,100%,0%,0%,1,0,0
RTVA7,ST HELENS HOSPITAL,,,,Green,,,130%,100%,0%,0%,1,0,0
RVN5J,WHITTUCKS ROAD,,,,Green,,,129%,100%,0%,0%,1,0,0
RY608,CFU (SJUH),,,,Green,,,128%,100%,0%,0%,1,0,0
RP1Q8,KENT ROAD,,,,Green,,,127%,100%,0%,0%,1,0,0
RT521,BELVOIR INTENSIVE CARE UNIT,,,,Green,,,127%,100%,0%,0%,1,0,0
RXXHL,LARKFIELD,,,,Green,,,126%,100%,0%,0%,1,0,0
RW5CA,BURNLEY GENERAL HOSPITAL,,,,Green,,,126%,100%,0%,0%,1,0,0
RTVA6,WHISTON HOSPITAL,,,,Green,,,125%,100%,0%,0%,1,0,0
RNNCL,COPELAND UNIT,,,,Green,,,124%,100%,0%,0%,1,0,0
RXX12,WOKING COMMUNITY HOSPITAL,,,,Green,,,124%,100%,0%,0%,1,0,0
RX2P0,LANGLEY GREEN HOSPITAL,,,,Green,,,123%,100%,0%,0%,1,0,0
RMYNG,MENTAL HEALTH SERVICES,,,,Green,,,123%,100%,0%,0%,1,0,0
RGDPL,PARKSIDE LODGE,,,,Green,,,123%,100%,0%,0%,1,0,0
RTV33,HOLLINS PARK,,,,Green,,,121%,100%,0%,0%,1,0,0
RX4CA,FERNDENE,,,,Green,,,121%,100%,0%,0%,1,0,0
RLY86,DARWIN CENTRE,,,,Green,,,121%,100%,0%,0%,1,0,0
RT5PD,LOUGHBOROUGH HOSPITAL,,,,Green,,,121%,100%,0%,0%,1,0,0
RTV78,SEPHTON UNIT,,,,Green,,,120%,100%,0%,0%,1,0,0
RY902,TEDDINGTON MEMORIAL HOSPITAL,,,,Green,,,119%,100%,0%,0%,1,0,0
R1ACC,NEW HAVEN (MENTAL HEALTH UNIT),,,,Green,,,119%,100%,0%,0%,1,0,0
RXX2V,ST EBBAS,,,,Green,,,119%,100%,0%,0%,1,0,0
RXXA8,GRANDVIEW,,,,Green,,,119%,100%,0%,0%,1,0,0
RXX16,ST PETERS HOSPITAL,,,,Green,,,119%,100%,0%,0%,1,0,0
RMY13,CARLTON COURT,,,,Green,,,119%,100%,0%,0%,1,0,0
RX3FC,AYSGARTH,,,,Green,,,119%,100%,0%,0%,1,0,0
RX4E6,NEWCASTLE GENERAL HOSPITAL,,,,Green,,,118%,100%,0%,0%,1,0,0
RY409,HERTFORDSHIRE & ESSEX HOSPITAL,,,,Green,,,118%,100%,0%,0%,1,0,0
RTV77,RIVINGTON UNIT,,,,Green,,,118%,100%,0%,0%,1,0,0
RT190,ADDENBROOKES HOSPITAL,,,,Green,,,118%,100%,0%,0%,1,0,0
RT5KT,THE EVINGTON CENTRE,,,,Green,,,118%,100%,0%,0%,1,0,0
RXTD3,BARBERRY CENTRE,,,,Green,,,117%,100%,0%,0%,1,0,0
RH5F6,WILLITON HOSPITAL,,,,Green,,,117%,100%,0%,0%,1,0,0
RJ84J,GARNER INPATIENTS,,,,Green,,,117%,100%,0%,0%,1,0,0
RP1R1,2 WILLOW CLOSE,,,,Green,,,117%,100%,0%,0%,1,0,0
RY411,LANGLEY HOUSE,,,,Green,,,117%,100%,0%,0%,1,0,0
RY405,GOSSOMS END ELDERLY CARE UNIT,,,,Green,,,116%,100%,0%,0%,1,0,0
RH5D1,FOUNDATION HOUSE,,,,Green,,,116%,100%,0%,0%,1,0,0
RXTD6,TAMARIND CENTRE,,,,Green,,,116%,100%,0%,0%,1,0,0
RWV98,FRANKLYN COMMUNITY HOSPITAL,,,,Green,,,116%,100%,0%,0%,1,0,0
RX2C8,HORSHAM HOSPITAL,,,,Green,,,115%,100%,0%,0%,1,0,0
RT5YF,H & B HOSPITAL WARDS,,,,Green,,,115%,100%,0%,0%,1,0,0
RT5FD,ADOLESCENT PSYCHIATRIC UNIT,,,,Green,,,115%,100%,0%,0%,1,0,0
RXX10,ABRAHAM COWLEY UNIT,,,,Green,,,115%,100%,0%,0%,1,0,0
RT5FK,THE WILLOWS (LEICESTER),,,,Green,,,115%,100%,0%,0%,1,0,0
R1ARJ,COMM HOSP WARDS (PERSHORE),,,,Green,,,114%,100%,0%,0%,1,0,0
RT505,EATING DISORDERS SERVICE,,,,Green,,,114%,100%,0%,0%,1,0,0
RXY2R,ST MARTINS NEW BUILDING,,,,Green,,,113%,100%,0%,0%,1,0,0
RWK28,MILE END HOSPITAL,,,,Green,,,113%,100%,0%,0%,1,0,0
RH536,RYDON,,,,Green,,,113%,100%,0%,0%,1,0,0
RXG31,THE POPLARS,,,,Green,,,113%,100%,0%,0%,1,0,0
RGD75,TOWNGATE HOUSE,,,,Green,,,113%,100%,0%,0%,1,0,0
RX4FD,CAMPUS FOR AGEING & VITALITY,,,,Green,,,112%,100%,0%,0%,1,0,0
RTQHJ,STONEBOW UNIT,,,,Green,,,112%,100%,0%,0%,1,0,0
RVNEQ,CALLINGTON ROAD HOSPITAL,,,,Green,,,112%,100%,0%,0%,1,0,0
RP1V6,THE SETT,,,,Green,,,112%,100%,0%,0%,1,0,0
RH5E1,BROADWAY LOW SECURE SERVICE (ASH WARD),,,,Green,,,111%,100%,0%,0%,1,0,0
RRERS,THE REDWOODS CENTRE,,,,Green,,,111%,100%,0%,0%,1,0,0
RGDT3,BOOTHAM PARK HOSPITAL,,,,Green,,,111%,100%,0%,0%,1,0,0
RY1E1,WARD 35 COMMUNITY INTERMEDIATE CARE UNIT,,,,Green,,,110%,100%,0%,0%,1,0,0
RWV12,NORTH DEVON DISTRICT HOSPITAL,,,,Green,,,110%,100%,0%,0%,1,0,0
RXT06,ASHCROFT,,,,Green,,,110%,100%,0%,0%,1,0,0
RGDVG,PEPPERMILL COURT,,,,Green,,,110%,100%,0%,0%,1,0,0
RJ85A,INPATIENTS BODMIN,,,,Green,,,110%,100%,0%,0%,1,0,0
RXT30,HOLLYHILL,,,,Green,,,109%,100%,0%,0%,1,0,0
RJ85B,INPATIENTS LONGREACH,,,,Green,,,109%,100%,0%,0%,1,0,0
RX27D,CHICHESTER CRT,,,,Green,,,109%,100%,0%,0%,1,0,0
RXYT1,THANET MENTAL HEALTH UNIT,,,,Green,,,109%,100%,0%,0%,1,0,0
RXXAD,FAIRMEAD,,,,Green,,,108%,100%,0%,0%,1,0,0
RVN2A,HILLVIEW LODGE,,,,Green,,,108%,100%,0%,0%,1,0,0
RTQ01,CHARLTON LANE SITE,,,,Green,,,108%,100%,0%,0%,1,0,0
RYW02,COMMUNITY UNIT 29 AT HEARTLANDS HOSPITAL,,,,Green,,,108%,100%,0%,0%,1,0,0
RT2HQ,PENNINE CARE NHS TRUST,,,,Green,,,108%,100%,0%,0%,1,0,0
RREPG,SAMUEL JOHNSON HOSPITAL,,,,Green,,,108%,100%,0%,0%,1,0,0
RV9E2,MILL VIEW LODGE IN-PATIENT 101766,,,,Green,,,108%,100%,0%,0%,1,0,0
RXT99,EDEN UNIT,,,,Green,,,108%,100%,0%,0%,1,0,0
RNNFH,FURNESS GENERAL HOSPITAL (MENTAL HEALTH),,,,Green,,,108%,100%,0%,0%,1,0,0
RT5KW,THE HERSCHEL PRINS CENTRE,,,,Green,,,107%,100%,0%,0%,1,0,0
RXTD2,ZINNIA CENTRE,,,,Green,,,107%,100%,0%,0%,1,0,0
RMYNP,LEARNING DISABILITIES SERVICES: SUFFOLK,,,,Green,,,107%,100%,0%,0%,1,0,0
RPGAK,NORTH HOUSE,,,,Green,,,107%,100%,0%,0%,1,0,0
RW5LE,CHILDREN'S UNIT,,,,Green,,,107%,100%,0%,0%,1,0,0
RXYN4,NEUROPSYCHIATRY SERVICE,,,,Green,,,107%,100%,0%,0%,1,0,0
RH576,HOLFORD,,,,Green,,,106%,100%,0%,0%,1,0,0
RWR08,HILL END LANE (SITE 3),,,,,Green,,106%,100%,0%,0%,1,0,0
RXTD5,JUNIPER CENTRE,,,,Green,,,106%,100%,0%,0%,1,0,0
RXX36,EPSOM GENERAL HOSPITAL,,,,Green,,,106%,100%,0%,0%,1,0,0
RMYWA,MENTAL HEALTH SERVICES (ADULT MENTAL HEALTH) THE FERMOY UNIT,,,,Green,,,106%,100%,0%,0%,1,0,0
RX3NP,BANKFIELDS COURT UNIT 2,,,,Green,,,106%,100%,0%,0%,1,0,0
RATAF,ALISTAIR FARQUHARSON CENTRE,,,,Green,,,106%,100%,0%,0%,1,0,0
RXT29,HILLIS LODGE,,,,Green,,,106%,100%,0%,0%,1,0,0
R1ARE,COMM HOSP WARDS (EVESHAM),,,,Green,,,106%,100%,0%,0%,1,0,0
RY148,INTERMEDIATE CARE UNIT,,,,Green,,,106%,100%,0%,0%,1,0,0
RMY04,NORVIC CLINIC,,,,Green,,,106%,100%,0%,0%,1,0,0
RXT47,MARY SEACOLE HOUSE,,,,Green,,,106%,100%,0%,0%,1,0,0
RXXX5,WINGFIELD WARD,,,,Green,,,106%,100%,0%,0%,1,0,0
RWK85,RECOVERY UNIT,,,,Green,,,105%,100%,0%,0%,1,0,0
RWV67,KNIGHTSHAYES,,,,Green,,,105%,100%,0%,0%,1,0,0
RW5AA,ROYAL BLACKBURN HOSPITAL,,,,Green,,,105%,100%,0%,0%,1,0,0
RX26N,OAKLANDS WARD,,,,Green,,,105%,100%,0%,0%,1,0,0
RX3AE,EARLSTON HOUSE,,,,Green,,,105%,100%,0%,0%,1,0,0
RWK60,CENTRE FOR FORENSIC MENTAL HEALTH,,,,Green,,,105%,100%,0%,0%,1,0,0
RGDVA,WHITE HORSE VIEW,,,,Green,,,105%,100%,0%,0%,1,0,0
RH5F9,CREWKERNE HOSPITAL,,,,Green,,,105%,100%,0%,0%,1,0,0
RV3F0,MAX GLATT UNIT,,,,Green,,,105%,100%,0%,0%,1,0,0
RW5EU,GUILD PARK,,,,Green,,,105%,100%,0%,0%,1,0,0
RPGFD,"STEP UP, STEP DOWN",,,,Green,,,104%,100%,0%,0%,1,0,0
RVN4B,LONG FOX UNIT,,,,Green,,,104%,100%,0%,0%,1,0,0
RPGGP,GREENWICH COMMUNITY PAEDIATRICIANS,,,,Green,,,104%,100%,0%,0%,1,0,0
RVNCE,VICTORIA CENTRE,,,,Green,,,104%,100%,0%,0%,1,0,0
RH5G3,DENE BARTON COMMUNITY UNIT,,,,Green,,,104%,100%,0%,0%,1,0,0
RV928,BRIDLINGTON & DISTRICT HOSPITAL,,,,Green,,,104%,100%,0%,0%,1,0,0
RDRHR,HORIZON UNIT,,,,Green,,,104%,100%,0%,0%,1,0,0
RDR3E,CRAWLEY HOSPITAL,,,,Green,,,104%,100%,0%,0%,1,0,0
RT5PH,FIELDING PALMER HOSPITAL,,,,Green,,,104%,100%,0%,0%,1,0,0
RT5PA,MELTON MOWBRAY HOSPITAL,,,,Green,,,103%,100%,0%,0%,1,0,0
RTQ11,LAUREL HOUSE,,,,Green,,,103%,100%,0%,0%,1,0,0
RTQ02,WOTTON LAWN HOSPITAL,,,,Green,,,103%,100%,0%,0%,1,0,0
RXT64,REASIDE CLINIC,,,,Green,,,103%,100%,0%,0%,1,0,0
RX3KN,OAKWOOD UNIT,,,,Green,,,103%,100%,0%,0%,1,0,0
RT5PE,COALVILLE HOSPITAL,,,,Green,,,103%,100%,0%,0%,1,0,0
R1ADV,COMMUNITY UNIT,,,,Green,,,103%,100%,0%,0%,1,0,0
RXYF6,FRANK LLOYD NURSING HOME,,,,Green,,,103%,100%,0%,0%,1,0,0
RY612,ST MARY'S HOSPITAL,,,,Green,,,103%,100%,0%,0%,1,0,0
RWV93,THE CEDARS (EXETER),,,,Green,,,103%,100%,0%,0%,1,0,0
RWK46,NEWHAM CENTRE FOR MENTAL HEALTH,,,,Green,,,103%,100%,0%,0%,1,0,0
RVNP5,FROMESIDE,,,,Green,,,103%,100%,0%,0%,1,0,0
RP7FQ,MENTAL HEALTH LONG TERM REHABILITATION & DAY HOSPITAL,,,,Green,,,103%,100%,0%,0%,1,0,0
RDR1L,ZACHARY MERTON HOSPITAL,,,,Green,,,103%,100%,0%,0%,1,0,0
RX240,THE HAROLD KIDD UNIT,,,,Green,,,102%,100%,0%,0%,1,0,0
RXT28,HIGHCROFT HOSPITAL,,,,Green,,,102%,100%,0%,0%,1,0,0
RV3JF,OAKWOOD HOUSE,,,,Green,,,102%,100%,0%,0%,1,0,0
RKL67,ST BERNARD'S WING,,,,Green,,,102%,100%,0%,0%,1,0,0
RY413,SOPWELL,,,,Green,,,102%,100%,0%,0%,1,0,0
R1J06,CIRENCESTER HOSPITAL,,,,,Green,,102%,100%,0%,0%,1,0,0
RT115,IDA DARWIN HOSPITAL,,,,Green,,,102%,100%,0%,0%,1,0,0
R1AQP,PALLIATIVE CARE (R&B),,,,Green,,,102%,100%,0%,0%,1,0,0
RV9LT,LILAC WARD IN-PATIENT,,,,Green,,,102%,100%,0%,0%,1,0,0
RY407,DANESBURY,,,,Green,,,102%,100%,0%,0%,1,0,0
RX4A5,THE GRANGE,,,,Green,,,101%,100%,0%,0%,1,0,0
RWV70,LEANDER UNIT,,,,Green,,,101%,100%,0%,0%,1,0,0
RWR96,HARPERBURY HOSPITAL,,,,,Green,,101%,100%,0%,0%,1,0,0
R1CD4,ST MARY'S HEALTH CAMPUS,,,,Green,,,101%,100%,0%,0%,1,0,0
RPGAD,GREEN PARKS HOUSE,,,,Green,,,101%,100%,0%,0%,1,0,0
R1G02,BRIXHAM HOSPITAL,,,,Green,,,101%,100%,0%,0%,1,0,0
RTQ54,HOLLYBROOK,,,,Green,,,101%,100%,0%,0%,1,0,0
RX3PV,PARK HOUSE,,,,Green,,,101%,100%,0%,0%,1,0,0
RXTD4,OLEASTER CENTRE,,,,Green,,,101%,100%,0%,0%,1,0,0
RV3HE,WINDSOR INTERMEDIATE CARE UNIT (WICU),,,,Green,,,101%,100%,0%,0%,1,0,0
RMYMW,LEARNING DISABILITIES SERVICES: SUFFOLK,,,,Green,,,101%,100%,0%,0%,1,0,0
RH563,PYRLAND,,,,Green,,,101%,100%,0%,0%,1,0,0
RWK61,THE TOWER HAMLETS CENTRE FOR MENTAL HEALTH,,,,Green,,,101%,100%,0%,0%,1,0,0
RX3XX,MENTAL HEALTH UNIT - FRIARAGE HOSPITAL,,,,Green,,,101%,100%,0%,0%,1,0,0
RATHC,HAWKWELL CENTRE,,,,Green,,,101%,100%,0%,0%,1,0,0
RXY1C,TONBRIDGE ROAD,,,,Green,,,101%,100%,0%,0%,1,0,0
RXT96,DAN MOONEY HOUSE,,,,Green,,,101%,100%,0%,0%,1,0,0
RV9GA,PICU IN-PATIENT 101773,,,,Green,,,101%,100%,0%,0%,1,0,0
RGDBL,BECKLIN CENTRE,,,,Green,,,100%,100%,0%,0%,1,0,0
RGDT2,OAK RISE,,,,Green,,,100%,100%,0%,0%,1,0,0
RH5H5,ST ANDREWS,,,,Green,,,100%,100%,0%,0%,1,0,0
RXM76,TANSLEY WARD,,,,Green,,,100%,100%,0%,0%,1,0,0
RTQ13,HONEYBOURE,,,,Green,,,100%,100%,0%,0%,1,0,0
R1J13,STROUD GENERAL HOSPITAL,,,,,Green,,100%,100%,0%,0%,1,0,0
RP706,MENTAL HEALTH UNIT - ASHLEY HOUSE,,,,Green,,,100%,100%,0%,0%,1,0,0
RP705,LEARNING DISABILITY ASSESSMENT & TREATMENT SERVICE,,,,Green,,,100%,100%,0%,0%,1,0,0
RT5KE,STEWART HOUSE (STEWART AVENUE GROUP),,,,Green,,,100%,100%,0%,0%,1,0,0
RP1NR,SHORT BREAKS UNIT,,,,Green,,,100%,100%,0%,0%,1,0,0
RV936,HUMBER CENTRE FORENSIC UNIT,,,,Green,,,100%,100%,0%,0%,1,0,0
RX3NJ,LUSTRUM VALE,,,,Green,,,100%,100%,0%,0%,1,0,0
RP7FK,MEDIUM SECURE MENTAL HEALTH UNIT,,,,Green,,,100%,100%,0%,0%,1,0,0
RHAAC,RETFORD HOSPITAL,,,,Green,,,100%,100%,0%,0%,1,0,0
RHAAR,ARNOLD LODGE REGIONAL SECURE UNIT,,,,Green,,,100%,100%,0%,0%,1,0,0
RHAGW,THE NEWLANDS,,,,Green,,,100%,100%,0%,0%,1,0,0
RHAGX,KINGS MILL HOSPITAL,,,,Green,,,100%,100%,0%,0%,1,0,0
RHAHP,NEWARK HOSPITAL,,,,Green,,,100%,100%,0%,0%,1,0,0
RHALB,NOTTINGHAM CITY HOSPITAL,,,,Green,,,100%,100%,0%,0%,1,0,0
RHALC,ST. FRANCIS UNIT,,,,Green,,,100%,100%,0%,0%,1,0,0
RHAN6,THORNEYWOOD MOUNT,,,,Green,,,100%,100%,0%,0%,1,0,0
RHANP,THORNEYWOOD MOUNT SITE 2,,,,Green,,,100%,100%,0%,0%,1,0,0
RHAPK,BROOMHILL HOUSE,,,,Green,,,100%,100%,0%,0%,1,0,0
RHARX,THE LODGES (WATHWOOD HOSPITAL),,,,Green,,,100%,100%,0%,0%,1,0,0
RHARY,WATHWOOD HOSPITAL,,,,Green,,,100%,100%,0%,0%,1,0,0
RNNRJ,RUTH LANCASTER JAMES HOSPITAL,,,,Green,,,100%,100%,0%,0%,1,0,0
RNUAL,SWINDON COMMUNITY & INPATIENT CHILD & ADOLESCENT MENTAL HEALTH,,,,Green,,,100%,100%,0%,0%,1,0,0
RNUDR,TOWNLANDS COMMUNITY HOSPITAL,,,,Green,,,100%,100%,0%,0%,1,0,0
RP7DC,MENTAL HEALTH UNIT - MAPLE LODGE,,,,Green,,,100%,100%,0%,0%,1,0,0
RT5FA,MILL LODGE,,,,Green,,,100%,100%,0%,0%,1,0,0
RW412,WINDSOR CLINIC,,,,Green,,,100%,100%,0%,0%,1,0,0
RW421,LSU,,,,Green,,,100%,100%,0%,0%,1,0,0
RW435,HEYS COURT,,,,Green,,,100%,100%,0%,0%,1,0,0
RW446,KEVIN WHITE UNIT,,,,Green,,,100%,100%,0%,0%,1,0,0
RW454,WINDSOR HOUSE,,,,Green,,,100%,100%,0%,0%,1,0,0
RX2F3,AMBERSTONE HOSPITAL,,,,Green,,,100%,100%,0%,0%,1,0,0
RX2L6,WOODLANDS,,,,Green,,,100%,100%,0%,0%,1,0,0
RY622,HANNAH HOUSE,,,,Green,,,100%,100%,0%,0%,1,0,0
RY632,LITTLE WOODHOUSE HALL,,,,Green,,,100%,100%,0%,0%,1,0,0
RP7MA,CHILD & ADOLESCENT MENTAL HEALTH UNIT (CAMHS),,,,Green,,,100%,100%,0%,0%,1,0,0
RW402,MERSEY CARE NHS TRUST AT AINTREE HOSPITAL,,,,Green,,,100%,100%,0%,0%,1,0,0
RX3FN,BANKFIELDS COURT THE LODGE,,,,Green,,,100%,100%,0%,0%,1,0,0
RDR1R,ARUNDEL AND DISTRICT HOSPITAL,,,,Green,,,100%,100%,0%,0%,1,0,0
RPGEQ,HAZELWOOD,,,,Green,,,100%,100%,0%,0%,1,0,0
RW438,MOSSLEY HILL HOSPITAL,,,,Green,,,100%,100%,0%,0%,1,0,0
RXY7C,NEWHAVEN LODGE,,,,Green,,,100%,100%,0%,0%,1,0,0
RATAP,BARKING HOSPITAL,,,,Green,,,100%,100%,0%,0%,1,0,0
RH5G1,SOUTH PETHERTON HOSPITAL,,,,Green,,,100%,100%,0%,0%,1,0,0
RW449,BOOTHROYD WARD,,,,Green,,,100%,100%,0%,0%,1,0,0
RX24T,FORENSIC EASTBOURNE / WEALDEN,,,,Green,,,100%,100%,0%,0%,1,0,0
RP7LA,DEPARTMENT OF PSYCHIATRY,,,,Green,,,100%,100%,0%,0%,1,0,0
RW493,SCOTT CLINIC,,,,Green,,,100%,100%,0%,0%,1,0,0
RW433,BROADOAK UNIT,,,,Green,,,100%,100%,0%,0%,1,0,0
RP701,MENTAL HEALTH UNIT FOR OLDER PEOPLE - ROCHFORD UNIT,,,,Green,,,100%,100%,0%,0%,1,0,0
RXT18,ENDEAVOUR COURT (HIGH DEPENDANCY UNIT),,,,Green,,,100%,100%,0%,0%,1,0,0
RXA72,MARY DENDY UNIT,,,,Green,,,100%,100%,0%,0%,1,0,0
RXT15,DAVID BROMLEY HOUSE,,,,Green,,,100%,100%,0%,0%,1,0,0
RP7LP,MENTAL HEALTH UNIT - GRANTHAM,,,,Green,,,100%,100%,0%,0%,1,0,0
RV3HA,TOPAS,,,,Green,,,99%,100%,0%,0%,1,0,0
R1J07,VALE COMMUNITY HOSPITAL,,,,,Green,,99%,100%,0%,0%,1,0,0
RWK06,THE LODGE,,,,Green,,,99%,100%,0%,0%,1,0,0
RV357,ROSEDALE COURT,,,,Green,,,99%,100%,0%,0%,1,0,0
RX3RJ,UNIT 1,,,,Green,,,99%,100%,0%,0%,1,0,0
RXV20,WENTWORTH HOUSE,,,,Green,,,99%,100%,0%,0%,1,0,0
RV9AH,AVONDALE IN-PATIENT 101740,,,,Green,,,99%,100%,0%,0%,1,0,0
RV3HD,CAMPBELL CENTRE,,,,Green,,,99%,100%,0%,0%,1,0,0
R1ARK,COMMUNITY HOSP WARDS (POWCH),,,,Green,,,99%,100%,0%,0%,1,0,0
RNU26,HIGHFIELD ADOLESCENT UNIT,,,,Green,,,99%,100%,0%,0%,1,0,0
RV355,ROXBOURNE HOSPITAL,,,,Green,,,99%,100%,0%,0%,1,0,0
RRP47,ST MICHAEL'S HOSPITAL,,,,Green,,,99%,100%,0%,0%,1,0,0
RT5PC,RUTLAND HOSPITAL,,,,Green,,,99%,100%,0%,0%,1,0,0
RT5PF,ASHBY HOSPITAL,,,,Green,,,99%,100%,0%,0%,1,0,0
R1ARL,COMM HOSP WARDS (TENBURY),,,,Green,,,99%,100%,0%,0%,1,0,0
RNNCC,MILLOM HOSPITAL,,,,Green,,,99%,100%,0%,0%,1,0,0
R1C26,OLDER PERS MENTAL HEALTH,,,,Green,,,99%,100%,0%,0%,1,0,0
RNU92,MARLBOROUGH HOUSE,,,,Green,,,99%,100%,0%,0%,1,0,0
RPGDQ,JOYDENS & BIRCHWOOD,,,,Green,,,99%,100%,0%,0%,1,0,0
RXA52,1829 BUILDING,,,,Green,,,99%,100%,0%,0%,1,0,0
RXYAM,ROSEWOOD LODGE,,,,Green,,,99%,100%,0%,0%,1,0,0
RRP01,BARNET MENTAL HEALTH,,,,Green,,,99%,100%,0%,0%,1,0,0
RWX86,WEST BERKSHIRE COMMUNITY HOSPITAL,,,,Green,,,99%,100%,0%,0%,1,0,0
RH5F4,BURNHAM ON SEA WAR MEMORIAL HOSPITAL,,,,Green,,,99%,100%,0%,0%,1,0,0
RPGAE,OXLEAS HOUSE,,,,Green,,,99%,100%,0%,0%,1,0,0
RY418,NASCOT LAWN,,,,Green,,,98%,100%,0%,0%,1,0,0
RRET4,INCLUSION,,,,Green,,,98%,100%,0%,0%,1,0,0
RT1GE,PETERBOROUGH DISTRICT HOSPITAL,,,,Green,,,98%,100%,0%,0%,1,0,0
RXM78,"WARD 34, PSYCHIATRIC UNIT",,,,Green,,,98%,100%,0%,0%,1,0,0
RT123,"WARDS 1, 4 & 5",,,,Green,,,98%,100%,0%,0%,1,0,0
RXVA9,BRAMLEY STREET REHABILITATION UNIT,,,,Green,,,98%,100%,0%,0%,1,0,0
RY414,HEMEL HEMPSTEAD GENERAL HOSPITAL,,,,Green,,,98%,100%,0%,0%,1,0,0
RX3NQ,BANKFIELDS COURT UNIT 3,,,,Green,,,98%,100%,0%,0%,1,0,0
RX3YE,THE BRIARY UNIT,,,,Green,,,98%,100%,0%,0%,1,0,0
R1J10,DILKE MEMORIAL HOSPITAL,,,,,Green,,98%,100%,0%,0%,1,0,0
RX3AD,PRIMROSE LODGE,,,,Green,,,98%,100%,0%,0%,1,0,0
RATDG,INTENSIVE CASE MANAGEMENT TEAM B&D,,,,Green,,,98%,100%,0%,0%,1,0,0
RXAWK,MACCLESFIELD MENTAL HEALTH,,,,Green,,,98%,100%,0%,0%,1,0,0
RXV04,CHAPMAN BARKER - DRUG & ALCOHOL INPATIENT UNIT,,,,Green,,,98%,100%,0%,0%,1,0,0
RV9AP,ST ANDREWS IN-PATIENT 101743,,,,Green,,,98%,100%,0%,0%,1,0,0
RXV17,MEADOWBROOK HOSPITAL - SALFORD MH,,,,Green,,,98%,100%,0%,0%,1,0,0
RXA34,LIME WALK HOUSE,,,,Green,,,98%,100%,0%,0%,1,0,0
R1G10,DARTMOUTH HOSPITAL,,,,Green,,,98%,100%,0%,0%,1,0,0
RV391,THE BUTTERWORTH CENTRE,,,,Green,,,98%,100%,0%,0%,1,0,0
RP1N8,CORBY COMMUNITY HOSPITAL,,,,Green,,,97%,100%,0%,0%,1,0,0
RXV60,RIVINGTON UNIT - BOLTON MH,,,,Green,,,97%,100%,0%,0%,1,0,0
RHAPB,THORNEYWOOD UNIT,,,,Green,,,97%,100%,0%,0%,1,0,0
RNUCY,OXFORD CITY COMMUNITY HOSPITAL,,,,Green,,,97%,100%,0%,0%,1,0,0
RX28K,CRAWLEY - OPMHS,,,,Green,,,97%,100%,0%,0%,1,0,0
RV9AJ,NEWBRIDGES IN-PATIENT 101742,,,,Green,,,97%,100%,0%,0%,1,0,0
RX2L8,BEECHWOOD UNIT,,,,Green,,,97%,100%,0%,0%,1,0,0
RV331,CHELSEA & WESTMINSTER HOSPITAL,,,,Green,,,97%,100%,0%,0%,1,0,0
RNUEL,HORTON GENERAL HOSPITAL,,,,Green,,,97%,100%,0%,0%,1,0,0
RXM60,WARD 2,,,,Green,,,97%,100%,0%,0%,1,0,0
RXY98,LD DARTFORD,,,,Green,,,97%,100%,0%,0%,1,0,0
RY686,HARRY BOOTH HOUSE,,,,Green,,,97%,100%,0%,0%,1,0,0
RNUDQ,ABINGDON COMMUNITY HOSPITAL,,,,Green,,,97%,100%,0%,0%,1,0,0
RPGFV,BEVAN INTERMEDIATE CARE UNIT,,,,Green,,,97%,100%,0%,0%,1,0,0
RXG41,THE DALES,,,,Green,,,97%,100%,0%,0%,1,0,0
RXV15,WOODLANDS HOSPITAL FUNCTIONAL CMHT - SALFORD,,,,Green,,,97%,100%,0%,0%,1,0,0
RXT19,ENDEAVOUR HOUSE (HIGH DEPENDANCY UNIT),,,,Green,,,97%,100%,0%,0%,1,0,0
RGDT5,CLIFTON HOUSE,,,,Green,,,97%,100%,0%,0%,1,0,0
RLY39,SUTHERLAND MENTAL HEALTH CENTRE,,,,Green,,,96%,100%,0%,0%,1,0,0
RATGF,GALLEON AND HERONWOOD,,,,Green,,,96%,100%,0%,0%,1,0,0
RV396,7A WOODFIELD ROAD,,,,Green,,,96%,100%,0%,0%,1,0,0
RXV80,MOORSIDE UNIT - TRAFFORD MH,,,,Green,,,96%,100%,0%,0%,1,0,0
RH5F5,MINEHEAD COMMUNITY HOSPITAL,,,,Green,,,96%,100%,0%,0%,1,0,0
RNUMH,MENTAL HEALTH,,,,Green,,,96%,100%,0%,0%,1,0,0
RX2X4,CHALKHILL,,,,Green,,,96%,100%,0%,0%,1,0,0
R1A49,HILL CREST MENTAL HEALTH UNIT,,,,Green,,,96%,100%,0%,0%,1,0,0
R1ARG,COMM HOSP WARDS (MALVERN),,,,Green,,,96%,100%,0%,0%,1,0,0
RH572,ROWAN,,,,Green,,,96%,100%,0%,0%,1,0,0
RXT65,RESERVOIR COURT,,,,Green,,,96%,100%,0%,0%,1,0,0
RXAD6,LEIGHTON HOSPITAL,,,,Green,,,95%,100%,0%,0%,1,0,0
RMYNR,MENTAL HEALTH SERVICES,,,,Green,,,95%,100%,0%,0%,1,0,0
RT5YL,ST LUKES HOSPITAL WARDS,,,,Green,,,95%,100%,0%,0%,1,0,0
RGD76,MILLSIDE CUE,,,,Green,,,95%,100%,0%,0%,1,0,0
RPGEP,GREENWOOD,,,,Green,,,95%,100%,0%,0%,1,0,0
RXA02,ST CATHERINES HOSPITAL,,,,Green,,,95%,100%,0%,0%,1,0,0
RNU75,THE FULBROOK CENTRE,,,,Green,,,95%,100%,0%,0%,1,0,0
RXM81,"WARD 35, PSYCHIATRIC UNIT",,,,Green,,,95%,100%,0%,0%,1,0,0
RV3J2,CHILD & ADOLESCENT PSYCHIATRY,,,,Green,,,95%,100%,0%,0%,1,0,0
RRE5X,SHROPSHIRE REHAB AND RECOVERY,,,,Green,,,95%,100%,0%,0%,1,0,0
R1ADW,ELGAR UNIT,,,,Green,,,95%,100%,0%,0%,1,0,0
RX3KW,SPRINGWOOD,,,,Green,,,95%,100%,0%,0%,1,0,0
RPGED,IVY WILLIS HOUSE,,,,Green,,,95%,100%,0%,0%,1,0,0
RX3EY,CROSS LANE HOSPITAL AYCKBOURN,,,,Green,,,95%,100%,0%,0%,1,0,0
RXMT4,ADULT MENTAL HEALTH,,,,Green,,,95%,100%,0%,0%,1,0,0
RY403,LANGTON,,,,Green,,,94%,100%,0%,0%,1,0,0
RREFG,RSH COPTHORNE,,,,Green,,,94%,100%,0%,0%,1,0,0
RV3E8,ENFIELD COMMUNITY LD,,,,Green,,,94%,100%,0%,0%,1,0,0
RDR1H,SALVINGTON LODGE,,,,Green,,,94%,100%,0%,0%,1,0,0
RWVDL,HALDON UNIT,,,,Green,,,94%,100%,0%,0%,1,0,0
RXT67,ROSS HOUSE,,,,Green,,,94%,100%,0%,0%,1,0,0
RXG58,LYNDHURST,,,,Green,,,94%,100%,0%,0%,1,0,0
RATRM,BRENTWOOD COMMUNITY HOSPITAL,,,,Green,,,94%,100%,0%,0%,1,0,0
RATRY,BROOKSIDE,,,,Green,,,94%,100%,0%,0%,1,0,0
RVN4M,ELMHAM WAY,,,,Green,,,94%,100%,0%,0%,1,0,0
RKL62,THE LIMES,,,,Green,,,94%,100%,0%,0%,1,0,0
RV9LV,WILLOW WARD IN-PATIENT,,,,Green,,,94%,100%,0%,0%,1,0,0
RXT27,HERTFORD HOUSE,,,,Green,,,94%,100%,0%,0%,1,0,0
RV351,HORTON HAVEN,,,,Green,,,94%,100%,0%,0%,1,0,0
RV9AG,HAWTHORNE CT IN-PATIENT 101720,,,,Green,,,94%,100%,0%,0%,1,0,0
RPGAQ,SOMERSET VILLA,,,,Green,,,94%,100%,0%,0%,1,0,0
RYW15,SHELDON HEATH - LAND ONLY,,,,Green,,,94%,100%,0%,0%,1,0,0
RATDK,BILLERICAY COMMUNITY HOSPITAL,,,,Green,,,94%,100%,0%,0%,1,0,0
RP1A2,MANFIELD HEALTH CAMPUS,,,,Green,,,93%,100%,0%,0%,1,0,0
RLY82,THE BUNGALOWS,,,,Green,,,93%,100%,0%,0%,1,0,0
RMYC5,CAMHS FIVE AIREY CLOSE,,,,Green,,,93%,100%,0%,0%,1,0,0
RNUAM,SAVERNAKE HOSPITAL,,,,Green,,,93%,100%,0%,0%,1,0,0
RXYG4,GREENACRES,,,,Green,,,93%,100%,0%,0%,1,0,0
RV305,KINGSBURY CHILD & FAMILY CENTRE,,,,Green,,,93%,100%,0%,0%,1,0,0
RNNAH,ABBEY VIEW,,,,Green,,,93%,100%,0%,0%,1,0,0
RXM30,KEDLESTON UNIT,,,,Green,,,93%,100%,0%,0%,1,0,0
RXY08,MAIDSTONE HOSPITAL,,,,Green,,,92%,100%,0%,0%,1,0,0
RYG96,BROOKLANDS HOSPITAL,,,,Green,,,92%,100%,0%,0%,1,0,0
RGDAP,ASKET HOUSE,,,,Green,,,92%,100%,0%,0%,1,0,0
RXG36,ENFIELD DOWN,,,,Green,,,92%,100%,0%,0%,1,0,0
RXM70,"MORTON WARD, HARTINGTON UNIT",,,,Green,,,92%,100%,0%,0%,1,0,0
RXYE9,EATING DISORDERS NMP,,,,Green,,,92%,100%,0%,0%,1,0,0
RH508,MAGNOLIA,,,,Green,,,92%,100%,0%,0%,1,0,0
RV314,FAIRLIGHT AVENUE COMMUNITY REHABILITATION UNIT,,,,Green,,,91%,100%,0%,0%,1,0,0
RDR4C,THE KLEINWORT CENTRE,,,,Green,,,91%,100%,0%,0%,1,0,0
RXE12,ROTHERHAM EARLY INTERVENTION,,,,,Green,,91%,100%,0%,0%,1,0,0
RXY10,DARENT VALLEY HOSPITAL,,,,Green,,,91%,100%,0%,0%,1,0,0
RGDVM,WORSLEY COURT,,,,Green,,,91%,100%,0%,0%,1,0,0
RXM77,"WARD 33, PSYCHIATRIC UNIT",,,,Green,,,90%,100%,0%,0%,1,0,0
RPGAN,GOLDIE LEIGH,,,,Green,,,90%,100%,0%,0%,1,0,0
RXA53,YOUNG PEOPLE'S CENTRE,,,,Green,,,90%,100%,0%,0%,1,0,0
RX3XK,ABDALE HOUSE - COMMUNITY UNIT,,,,Green,,,90%,100%,0%,0%,1,0,0
RX41M,REGIONAL EATING DISORDERS,,,,Green,,,90%,100%,0%,0%,1,0,0
RPGAP,BAREFOOT LODGE,,,,Green,,,89%,100%,0%,0%,1,0,0
RWK89,EAST HAM CARE CENTRE,,,,Green,,,89%,100%,0%,0%,1,0,0
RV3DY,ST PANCRAS HOSPITAL,,,,Green,,,89%,100%,0%,0%,1,0,0
RXM63,WARD 1,,,,Green,,,89%,100%,0%,0%,1,0,0
RY410,HOLYWELL,,,,Green,,,89%,100%,0%,0%,1,0,0
RYG92,ASPEN CENTRE,,,,Green,,,88%,100%,0%,0%,1,0,0
RXYR2,RIVENDELL,,,,Green,,,88%,100%,0%,0%,1,0,0
RV329,3 BEATRICE PLACE,,,,Green,,,88%,100%,0%,0%,1,0,0
RYW03,INTERMEDIATE CARE REHABILITATION UNIT,,,,Green,,,88%,100%,0%,0%,1,0,0
RNNBF,BRAMPTON HOSPITAL,,,,Green,,,88%,100%,0%,0%,1,0,0
RXY41,FORENSIC PSYCHIATRY,,,,Green,,,88%,100%,0%,0%,1,0,0
RH5F1,WELLINGTON & DISTRICT COTTAGE HOSPITAL,,,,Green,,,88%,100%,0%,0%,1,0,0
RP1D7,THE SQUIRRELS,,,,Green,,,87%,100%,0%,0%,1,0,0
RXY56,OPMH THANET,,,,Green,,,87%,100%,0%,0%,1,0,0
RV987,BUCKROSE WARD,,,,Green,,,87%,100%,0%,0%,1,0,0
RXM74,"WARD 36, PSYCHIATRIC UNIT",,,,Green,,,87%,100%,0%,0%,1,0,0
RX3NK,THE DALES,,,,Green,,,86%,100%,0%,0%,1,0,0
RV9WA,WITHERNSEA WARD,,,,Green,,,86%,100%,0%,0%,1,0,0
RX3MV,CROSS LANE HOSPITAL ROWAN LEA,,,,Green,,,85%,100%,0%,0%,1,0,0
RH5K6,BRIDGWATER COMMUNITY HOSPITAL,,,,Green,,,85%,100%,0%,0%,1,0,0
RWXNQ,LD BRACKNELL,,,,Green,,,84%,100%,0%,0%,1,0,0
RP1F2,ISEBROOK HOSPITAL,,,,Green,,,84%,100%,0%,0%,1,0,0
RXM71,"PLEASLEY WARD, HARTINGTON UNIT",,,,Green,,,84%,100%,0%,0%,1,0,0
RW5LY,MOSS VIEW CONTINUING CARE UNIT,,,,Green,,,84%,100%,0%,0%,1,0,0
RXV18,DEPARTMENT OF PSYCHIATRY OF LATER LIFE,,,,Green,,,84%,100%,0%,0%,1,0,0
RXM54,RADBOURNE UNIT,,,,Green,,,82%,100%,0%,0%,1,0,0
RNNLG,LANGDALE UNIT,,,,Green,,,82%,100%,0%,0%,1,0,0
RT1DC,PETERBOROUGH OPMH,,,,Green,,,82%,100%,0%,0%,1,0,0
RNNCA,MARYPORT HOSPITAL,,,,Green,,,82%,100%,0%,0%,1,0,0
RXT22,FORWARD HOUSE (REHABILITATION UNIT),,,,Green,,,81%,100%,0%,0%,1,0,0
RNN42,WORKINGTON COMMUNITY HOSPITAL,,,,Green,,,79%,100%,0%,0%,1,0,0
RV9FG,GREEN TREES IN-PATIENT 101772,,,,Green,,,78%,100%,0%,0%,1,0,0
RP1Q9,1 WILLOW CLOSE,,,,Green,,,78%,100%,0%,0%,1,0,0
RGDT1,ACOMB GARTH,,,,Green,,,76%,100%,0%,0%,1,0,0
RXY17,KENT & CANTERBURY HOSPITAL,,,,Green,,,76%,100%,0%,0%,1,0,0
RNNBH,WIGTON HOSPITAL,,,,Green,,,75%,100%,0%,0%,1,0,0
RGD17,ST MARY'S HOSPITAL,,,,Green,,,70%,100%,0%,0%,1,0,0
RT5FP,THE GRANGE,,,,Green,,,68%,100%,0%,0%,1,0,0
RT1AE,THE CROFT CHILDRENS UNIT,,,,Green,,,66%,100%,0%,0%,1,0,0
RT5FM,RUBICON CLOSE,,,,Green,,,64%,100%,0%,0%,1,0,0
RT5CD,TOURNAMENT ROAD,,,,Green,,,64%,100%,0%,0%,1,0,0
RXYF2,FANT OAST,,,,Green,,,50%,100%,0%,0%,1,0,0
RJ121,GUY'S HOSPITAL,Green,Blue,Green,Green,Green,Green,,83%,17%,0%,5,1,0
RJ122,ST THOMAS' HOSPITAL,Green,Blue,Green,Green,Green,Green,,83%,17%,0%,5,1,0
RRV30,THE HEART HOSPITAL,Green,Blue,Green,Green,Green,Green,112%,83%,17%,0%,5,1,0
RRVNQ,NATIONAL HOSPITAL FOR NEUROLOGY & NEUROSURGERY - QUEEN SQUARE,Green,Blue,Green,Green,Green,Green,107%,83%,17%,0%,5,1,0
RM301,SALFORD ROYAL,Green,Blue,Green,Green,Green,Green,105%,83%,17%,0%,5,1,0
RDU01,FRIMLEY PARK HOSPITAL,Green,Blue,Green,Green,Green,Green,101%,83%,17%,0%,5,1,0
RGT01,ADDENBROOKE'S HOSPITAL,Green,Blue,Green,Green,Green,Green,100%,83%,17%,0%,5,1,0
RRVRN,"ROYAL NATIONAL THROAT, NOSE & EAR HOSPITAL",Green,Blue,Green,Green,Green,Green,100%,83%,17%,0%,5,1,0
RE9GC,PRIMROSE HILL HOSPITAL,Green,Green,Green,Green,Green,Blue,81%,83%,17%,0%,5,1,0
RNZ02,SALISBURY DISTRICT HOSPITAL,Green,Red,Green,Green,Green,Green,101%,83%,0%,17%,5,0,1
RJZ01,KING'S COLLEGE HOSPITAL (DENMARK HILL),Green,Red,Green,Green,Green,Green,99%,83%,0%,17%,5,0,1
RAE2H,SHIPLEY HOSPITAL,Green,,Green,Green,Green,Blue,,80%,20%,0%,4,1,0
RAE4H,ECCLESHILL COMMUNITY HOSPITAL,Green,,Green,Green,Green,Blue,,80%,20%,0%,4,1,0
RAE5H,WESTBOURNE GREEN COMMUNITY HOSPITAL,Green,,Green,Green,Green,Blue,,80%,20%,0%,4,1,0
RAL25,HOSPITAL OF ST JOHN & ST ELIZABETH,Blue,,Green,Green,Green,Green,,80%,20%,0%,4,1,0
RAL26,BARNET GENERAL HOSPITAL,Blue,,Green,Green,Green,Green,,80%,20%,0%,4,1,0
RAL27,NORTH MIDDLESEX HOSPITAL,Blue,,Green,Green,Green,Green,,80%,20%,0%,4,1,0
RALMV,MOUNT VERNON HOSPITAL,Blue,,Green,Green,Green,Green,,80%,20%,0%,4,1,0
RALRA,EDGWARE COMMUNITY HOSPITAL,Blue,,Green,Green,Green,Green,,80%,20%,0%,4,1,0
RALWA,WATFORD GENERAL HOSPITAL,Blue,,Green,Green,Green,Green,,80%,20%,0%,4,1,0
RALWH,THE WHITTINGTON HOSPITAL,Blue,,Green,Green,Green,Green,,80%,20%,0%,4,1,0
RBT21,VICTORIA INFIRMARY (NORTHWICH),Green,,Green,Green,Green,Blue,,80%,20%,0%,4,1,0
RH802,HEAVITREE HOSPITAL,Blue,,Green,Green,Green,Green,,80%,20%,0%,4,1,0
RH833,OKEHAMPTON COMMUNITY HOSPITAL,Blue,,Green,Green,Green,Green,,80%,20%,0%,4,1,0
RH853,TIVERTON AND DISTRICT HOSPITAL,Blue,,Green,Green,Green,Green,,80%,20%,0%,4,1,0
RH854,HONITON HOSPITAL,Blue,,Green,Green,Green,Green,,80%,20%,0%,4,1,0
RH857,AXMINSTER HOSPITAL,Blue,,Green,Green,Green,Green,,80%,20%,0%,4,1,0
RH858,EXMOUTH HOSPITAL,Blue,,Green,Green,Green,Green,,80%,20%,0%,4,1,0
RHU02,ST MARY'S HOSPITAL,Green,,Green,Green,Green,Blue,,80%,20%,0%,4,1,0
RHU19,BOGNOR REGIS WAR MEMORIAL HOSPITAL,Green,,Green,Green,Green,Blue,,80%,20%,0%,4,1,0
RJ760,ST GEORGE'S AT ST JOHN'S THERAPY CENTRE,Green,,Green,Green,Green,Blue,,80%,20%,0%,4,1,0
RN7QM,QUEEN MARY'S HOSPITAL SIDCUP,Blue,,Green,Green,Green,Green,,80%,20%,0%,4,1,0
RTD04,NEWCASTLE DENTAL HOSPITAL,Blue,,Green,Green,Green,Green,,80%,20%,0%,4,1,0
RXL04,FLEETWOOD HOSPITAL,Green,,Green,Green,Green,Blue,,80%,20%,0%,4,1,0
RXL08,BISPHAM HOSPITAL REHABILITATION UNIT,Green,Green,Green,Green,,Blue,,80%,20%,0%,4,1,0
RTD03,CAMPUS FOR AGEING AND VITALITY,Blue,,Green,Green,Green,Green,105%,80%,20%,0%,4,1,0
RCD02,RIPON AND DISTRICT COMMUNITY HOSPITAL,Blue,,Green,Green,Green,Green,105%,80%,20%,0%,4,1,0
RCD08,LASCELLES YOUNGER DISABLED UNIT,Blue,,Green,Green,Green,Green,103%,80%,20%,0%,4,1,0
RJC04,ELLEN BADGER HOSPITAL,Blue,,Green,Green,Green,Green,102%,80%,20%,0%,4,1,0
RBB01,ROYAL NATIONAL HOSPITAL FOR RHEUMATIC DISEASES,,Blue,Green,Green,Green,Green,101%,80%,20%,0%,4,1,0
RGM21,PAPWORTH HOSPITAL,,Blue,Green,Green,Green,Green,100%,80%,20%,0%,4,1,0
RRJ05,ROYAL ORTHOPAEDIC HOSPITAL,,Blue,Green,Green,Green,Green,100%,80%,20%,0%,4,1,0
RCF30,CASTLEBERG HOSPITAL,Green,,Green,Green,Green,Blue,100%,80%,20%,0%,4,1,0
RPY01,THE ROYAL MARSDEN HOSPITAL (LONDON),,Blue,Green,Green,Green,Green,99%,80%,20%,0%,4,1,0
RL403,NEW CROSS HOSPITAL,Green,,Green,Green,Green,Blue,98%,80%,20%,0%,4,1,0
RTH19,CHIPPING NORTON COMMUNITY HOSPITAL,Blue,,Green,Green,Green,Green,96%,80%,20%,0%,4,1,0
RPY02,THE ROYAL MARSDEN HOSPITAL (SURREY),,Blue,Green,Green,Green,Green,94%,80%,20%,0%,4,1,0
RHU10,GOSPORT WAR MEMORIAL HOSPITAL,Green,,Green,Green,Green,Blue,92%,80%,20%,0%,4,1,0
RTH21,WANTAGE COMMUNITY HOSPITAL,Blue,,Green,Green,Green,Green,91%,80%,20%,0%,4,1,0
RWJ03,THE DEVONSHIRE REHABILITATION CENTRE,Green,,Green,Green,Green,Blue,91%,80%,20%,0%,4,1,0
RHU04,PETERSFIELD COMMUNITY HOSPITAL,Green,,Green,Green,Green,Blue,91%,80%,20%,0%,4,1,0
RN3C1,PRINCESS ANNE WING RUH,Green,,Green,Green,Green,Blue,90%,80%,20%,0%,4,1,0
RTH16,WALLINGFORD COMMUNITY HOSPITAL,Blue,,Green,Green,Green,Green,89%,80%,20%,0%,4,1,0
RTFDU,HALTWHISTLE WAR MEMORIAL HOSPITAL,Green,,Red,Green,Green,Green,,80%,0%,20%,4,0,1
RRK02,QUEEN ELIZABETH HOSPITAL,Blue,,Green,Green,,Green,101%,75%,25%,0%,3,1,0
RT302,ROYAL BROMPTON HOSPITAL,,Blue,Green,,Green,Green,100%,75%,25%,0%,3,1,0
RWJ88,THE MEADOWS,Green,,Green,Green,,Blue,99%,75%,25%,0%,3,1,0
RJ731,ST GEORGES AT QUEEN MARY'S HOSPITAL,Green,,Green,Green,,Blue,96%,75%,25%,0%,3,1,0
RT301,HAREFIELD HOSPITAL,,Blue,Green,,Green,Green,93%,75%,25%,0%,3,1,0
RBQHQ,LIVERPOOL HEART AND CHEST HOSPITAL NHS TRUST HQ,,Green,Green,,Red,Green,100%,75%,0%,25%,3,0,1
RGP72,LOWESTOFT HOSPITAL,Blue,Green,Green,Green,Green,Blue,,67%,33%,0%,4,2,0
RYJ07,WESTERN EYE HOSPITAL,Blue,Green,Green,Green,Green,Blue,,67%,33%,0%,4,2,0
RN313,SAVERNAKE HOSPITAL,Green,Blue,Green,Green,Green,Blue,154%,67%,33%,0%,4,2,0
RN3C5,WARMINSTER COMMUNITY HOSPITAL,Green,Blue,Green,Green,Green,Blue,122%,67%,33%,0%,4,2,0
RH801,ROYAL DEVON & EXETER HOSPITAL (WONFORD),Blue,Blue,Green,Green,Green,Green,112%,67%,33%,0%,4,2,0
RQXM1,HOMERTON UNIVERSITY HOSPITAL,Green,Blue,Green,Green,Green,Blue,109%,67%,33%,0%,4,2,0
RCD01,HARROGATE DISTRICT HOSPITAL,Blue,Blue,Green,Green,Green,Green,105%,67%,33%,0%,4,2,0
RJC03,STRATFORD HOSPITAL,Blue,Blue,Green,Green,Green,Green,105%,67%,33%,0%,4,2,0
RXL06,CLIFTON HOSPITAL,Green,Blue,Green,Green,Green,Blue,105%,67%,33%,0%,4,2,0
RHU03,QUEEN ALEXANDRA HOSPITAL,Green,Blue,Green,Green,Green,Blue,101%,67%,33%,0%,4,2,0
RN542,ANDOVER WAR MEMORIAL HOSPITAL,Green,Blue,Green,Green,Green,Blue,101%,67%,33%,0%,4,2,0
RWP31,KIDDERMINSTER HOSPITAL,Blue,Green,Green,Green,Green,Blue,101%,67%,33%,0%,4,2,0
RBA11,MUSGROVE PARK HOSPITAL,Blue,Blue,Green,Green,Green,Green,100%,67%,33%,0%,4,2,0
RN334,TROWBRIDGE COMMUNITY HOSPITAL,Green,Blue,Green,Green,Green,Blue,99%,67%,33%,0%,4,2,0
RN333,CHIPPENHAM COMMUNITY HOSPITAL,Green,Blue,Green,Green,Green,Blue,99%,67%,33%,0%,4,2,0
RAL01,ROYAL FREE HOSPITAL,Blue,Blue,Green,Green,Green,Green,99%,67%,33%,0%,4,2,0
RN707,DARENT VALLEY HOSPITAL,Blue,Blue,Green,Green,Green,Green,97%,67%,33%,0%,4,2,0
RWJ09,STEPPING HILL HOSPITAL,Green,Blue,Green,Green,Green,Blue,96%,67%,33%,0%,4,2,0
RTD01,FREEMAN HOSPITAL,Blue,Blue,Green,Green,Green,Green,96%,67%,33%,0%,4,2,0
RTR45,FRIARAGE HOSPITAL SITE,Blue,Green,Green,Green,Green,Blue,95%,67%,33%,0%,4,2,0
RWWWH,WARRINGTON HOSPITAL,Green,Blue,Green,Green,Green,Blue,95%,67%,33%,0%,4,2,0
RJC02,WARWICK HOSPITAL,Blue,Blue,Green,Green,Green,Green,94%,67%,33%,0%,4,2,0
RWWHG,HALTON HOSPITAL,Green,Blue,Green,Green,Green,Blue,94%,67%,33%,0%,4,2,0
RTRAT,THE JAMES COOK UNIVERSITY HOSPITAL,Blue,Green,Green,Green,Green,Blue,94%,67%,33%,0%,4,2,0
RTH02,CHURCHILL HOSPITAL,Blue,Blue,Green,Green,Green,Green,93%,67%,33%,0%,4,2,0
RTD02,THE ROYAL VICTORIA INFIRMARY,Blue,Blue,Green,Green,Green,Green,93%,67%,33%,0%,4,2,0
RTH05,HORTON GENERAL HOSPITAL,Blue,Blue,Green,Green,Green,Green,93%,67%,33%,0%,4,2,0
RTH03,NUFFIELD ORTHOPAEDIC CENTRE,Blue,Blue,Green,Green,Green,Green,93%,67%,33%,0%,4,2,0
RXL01,BLACKPOOL VICTORIA HOSPITAL,Green,Blue,Green,Green,Green,Blue,92%,67%,33%,0%,4,2,0
RR7EN,QUEEN ELIZABETH HOSPITAL,Green,Blue,Green,Green,Green,Blue,92%,67%,33%,0%,4,2,0
RE9GA,SOUTH TYNESIDE DISTRICT HOSPITAL,Green,Blue,Green,Green,Green,Blue,91%,67%,33%,0%,4,2,0
RE9GF,PALMER COMMUNITY HOSPITAL,Green,Blue,Green,Green,Green,Blue,87%,67%,33%,0%,4,2,0
RCBL8,MALTON COMMUNITY HOSPITAL,Blue,Green,Green,Green,Green,Blue,86%,67%,33%,0%,4,2,0
RXPDA,DARLINGTON MEMORIAL HOSPITAL,Blue,Green,Green,Green,Green,Red,104%,67%,17%,17%,4,1,1
RRF01,LEIGH INFIRMARY,Red,Green,Green,Green,Green,Blue,102%,67%,17%,17%,4,1,1
RTFDJ,ALNWICK INFIRMARY,Green,Blue,Red,Green,Green,Green,100%,67%,17%,17%,4,1,1
RTFDX,BLYTH COMMUNITY HOSPITAL,Green,Blue,Red,Green,Green,Green,100%,67%,17%,17%,4,1,1
RBN01,WHISTON HOSPITAL,Red,Blue,Green,Green,Green,Green,99%,67%,17%,17%,4,1,1
RTFFS,NORTH TYNESIDE GENERAL HOSPITAL,Green,Blue,Red,Green,Green,Green,99%,67%,17%,17%,4,1,1
RBN02,ST HELENS HOSPITAL,Red,Blue,Green,Green,Green,Green,98%,67%,17%,17%,4,1,1
RTFDH,BERWICK INFIRMARY,Green,Blue,Red,Green,Green,Green,97%,67%,17%,17%,4,1,1
RTFED,WANSBECK HOSPITAL,Green,Blue,Red,Green,Green,Green,97%,67%,17%,17%,4,1,1
RTFDR,HEXHAM GENERAL HOSPITAL,Green,Blue,Red,Green,Green,Green,97%,67%,17%,17%,4,1,1
RCF22,AIREDALE GENERAL HOSPITAL,Green,Red,Green,Green,Green,Blue,95%,67%,17%,17%,4,1,1
RRF53,WRIGHTINGTON HOSPITAL,Red,Green,Green,Green,Green,Blue,93%,67%,17%,17%,4,1,1
RTH08,JOHN RADCLIFFE HOSPITAL,Blue,Red,Green,Green,Green,Green,91%,67%,17%,17%,4,1,1
RTFEF,ROTHBURY COMMUNITY HOSPITAL,Green,Blue,Red,Green,Green,Green,87%,67%,17%,17%,4,1,1
RHM12,PRINCESS ANNE HOSPITAL,Green,Green,Green,Red,Green,Blue,84%,67%,17%,17%,4,1,1
RXF03,PONTEFRACT GENERAL INFIRMARY,Red,Green,Green,Green,Green,Red,115%,67%,0%,33%,4,0,2
RXC02,EASTBOURNE DISTRICT GENERAL HOSPITAL,Red,Green,Green,Green,Green,Red,111%,67%,0%,33%,4,0,2
RW13L,FIRETHORN CLOSE,,,Green,Green,Red,,,67%,0%,33%,2,0,1
RW1AC,PARKLANDS HOSPITAL,,,Green,Green,Red,,123%,67%,0%,33%,2,0,1
RWN40,MENTAL HEALTH UNIT (BASILDON),,,Green,Green,Red,,106%,67%,0%,33%,2,0,1
RYV05,HINCHINGBROOKE HOSPITAL,,,Green,Green,Red,,103%,67%,0%,33%,2,0,1
RBD05,WEYMOUTH COMMUNITY HOSPITAL,Blue,,Green,Green,Green,Blue,,60%,40%,0%,3,2,0
RBD20,BLANDFORD COMMUNITY HOSPITAL,Blue,,Green,Green,Green,Blue,,60%,40%,0%,3,2,0
RBD30,YEATMAN HOSPITAL,Blue,,Green,Green,Green,Blue,,60%,40%,0%,3,2,0
RBD42,BRIDPORT COMMUNITY HOSPITAL,Blue,,Green,Green,Green,Blue,,60%,40%,0%,3,2,0
RBD44,ROYAL BOURNEMOUTH HOSPITAL,Blue,,Green,Green,Green,Blue,,60%,40%,0%,3,2,0
RBD46,YEOVIL DISTRICT HOSPITAL,Blue,,Green,Green,Green,Blue,,60%,40%,0%,3,2,0
RBL41,SATELLITE DIALYSIS UNIT,Blue,,Green,Green,Green,Blue,,60%,40%,0%,3,2,0
RCBWH,WHITBY HOSPITAL,Blue,,Green,Green,Green,Blue,,60%,40%,0%,3,2,0
RJN68,KNUTSFORD & DISTRICT COMMUNITY HOSPITAL,Blue,,Green,Green,Green,Blue,,60%,40%,0%,3,2,0
RK901,MOUNT GOULD HOSPITAL,Blue,,Green,Green,Green,Blue,,60%,40%,0%,3,2,0
RK910,LAUNCESTON HOSPITAL,Blue,,Green,Green,Green,Blue,,60%,40%,0%,3,2,0
RK920,LISKEARD COMMUNITY HOSPITAL,Blue,,Green,Green,Green,Blue,,60%,40%,0%,3,2,0
RK922,TAVISTOCK HOSPITAL,Blue,,Green,Green,Green,Blue,,60%,40%,0%,3,2,0
RK935,SOUTH HAMS HOSPITAL,Blue,,Green,Green,Green,Blue,,60%,40%,0%,3,2,0
RK955,STRATTON HOSPITAL,Blue,,Green,Green,Green,Blue,,60%,40%,0%,3,2,0
RM131,CROMER HOSPITAL,Blue,,Green,Green,Green,Blue,,60%,40%,0%,3,2,0
RQ8LF,ST MICHAEL'S HOSPITAL,Blue,,Green,Green,Green,Blue,,60%,40%,0%,3,2,0
RVJ21,COSSHAM HOSPITAL,Blue,,Green,Green,Green,Blue,,60%,40%,0%,3,2,0
RVL07,EDGWARE HOSPITAL,Blue,,Green,Green,Green,Blue,,60%,40%,0%,3,2,0
RW3DH,UNIVERSITY DENTAL HOSPITAL,Blue,,Green,Green,Green,Blue,,60%,40%,0%,3,2,0
RW3MG,MACCLESFIELD DISTRICT GENERAL HOSPITAL,Blue,,Green,Green,Green,Blue,,60%,40%,0%,3,2,0
RW3NM,NORTH MANCHESTER GENERAL HOSPITAL,Blue,,Green,Green,Green,Blue,,60%,40%,0%,3,2,0
RW3T1,ALTRINCHAM GENERAL HOSPITAL,Blue,,Green,Green,Green,Blue,,60%,40%,0%,3,2,0
RW3T2,STRETFORD MEMORIAL HOSPITAL,Blue,,Green,Green,Green,Blue,,60%,40%,0%,3,2,0
RWH23,HERTFORD COUNTY HOSPITAL,Blue,,Green,Green,Green,Blue,,60%,40%,0%,3,2,0
RWP03,EVESHAM COMMUNITY HOSPITAL,Blue,,Green,Green,Green,Blue,,60%,40%,0%,3,2,0
RWP04,TENBURY COMMUNITY HOSPITAL,Blue,,Green,Green,Green,Blue,,60%,40%,0%,3,2,0
RXK21,BRADBURY DAY CARE CENTRE,Blue,,Green,Green,Green,Blue,,60%,40%,0%,3,2,0
RYJ05,ST CHARLES HOSPITAL,Blue,,Green,Green,Green,Blue,,60%,40%,0%,3,2,0
RTRAQ,GUISBOROUGH GENERAL HOSPITAL,Blue,,Green,Green,Green,Blue,106%,60%,40%,0%,3,2,0
RA723,BRISTOL ROYAL HOSPITAL FOR CHILDREN,Blue,Green,Green,Green,,Blue,104%,60%,40%,0%,3,2,0
RTR18,REDCAR PRIMARY CARE HOSPITAL,Blue,,Green,Green,Green,Blue,103%,60%,40%,0%,3,2,0
RTR07,FRIARY HOSPITAL,Blue,,Green,Green,Green,Blue,100%,60%,40%,0%,3,2,0
RJC46,ROYAL LEAMINGTON SPA REHABILITATION HOSPITAL,Blue,Blue,Green,Green,,Green,99%,60%,40%,0%,3,2,0
RCBP9,WHITE CROSS REHABILITATION HOSPITAL,Blue,,Green,Green,Green,Blue,98%,60%,40%,0%,3,2,0
RX1CC,NOTTINGHAM UNIVERSITY HOSPITALS NHS TRUST - CITY CAMPUS,Green,Blue,Green,Green,,Blue,93%,60%,40%,0%,3,2,0
RCBTV,ST HELENS REHABILITATION HOSPITAL,Blue,,Green,Green,Green,Blue,92%,60%,40%,0%,3,2,0
RTR03,ECH - EAST CLEVELAND HOSPITAL,Blue,,Green,Green,Green,Blue,90%,60%,40%,0%,3,2,0
RCBNH,BRIDLINGTON AND DISTRICT HOSPITAL,Blue,,Green,Green,Green,Blue,89%,60%,40%,0%,3,2,0
RA4C1,YEATMAN HOSPITAL,Red,,Green,Green,Green,Blue,,60%,20%,20%,3,1,1
RD753,KING EDWARD VII HOSPITAL,Blue,,Green,Green,Green,Red,,60%,20%,20%,3,1,1
RD754,ST MARK'S HOSPITAL,Blue,,Green,Green,Green,Red,,60%,20%,20%,3,1,1
RD766,CHALFONT'S & GERRARDS CROSS HOSPITAL,Blue,,Green,Green,Green,Red,,60%,20%,20%,3,1,1
RGR44,NEWMARKET HOSPITAL (OUTPATIENT),Blue,,Green,Red,Green,Green,,60%,20%,20%,3,1,1
RHM02,ROYAL SOUTH HANTS HOSPITAL,Green,,Green,Red,Green,Blue,,60%,20%,20%,3,1,1
RHM03,NEW FOREST BIRTH CENTRE HA,Green,,Green,Red,Green,Blue,,60%,20%,20%,3,1,1
RHQCC,CHARLES CLIFFORD DENTAL HOSPITAL,Red,,Green,Green,Green,Blue,,60%,20%,20%,3,1,1
RLN05,SHOTLEY BRIDGE HOSPITAL,Red,,Green,Green,Green,Blue,,60%,20%,20%,3,1,1
RLN06,BISHOP AUCKLAND HOSPITAL,Red,,Green,Green,Green,Blue,,60%,20%,20%,3,1,1
RLNDU,UNIVERSITY HOSPITAL OF NORTH DURHAM,Red,,Green,Green,Green,Blue,,60%,20%,20%,3,1,1
RLNGT,SOUTH TYNESIDE DISTRICT HOSPITAL,Red,,Green,Green,Green,Blue,,60%,20%,20%,3,1,1
RLQ08,ROSS ON WYE COMMUNITY HOSPITAL,Blue,,Green,Green,Green,Red,,60%,20%,20%,3,1,1
RLQ14,HILLSIDE INTERMEDIATE CARE UNIT,Blue,,Green,Green,Green,Red,,60%,20%,20%,3,1,1
RP5RE,RETFORD HOSPITAL,Red,,Green,Green,Green,Blue,,60%,20%,20%,3,1,1
RR802,LEEDS DENTAL HOSPITAL,Blue,,Green,Green,Green,Red,,60%,20%,20%,3,1,1
RVR06,SUTTON HOSPITAL,Red,,Green,Green,Green,Blue,,60%,20%,20%,3,1,1
RVV02,BUCKLAND HOSPITAL,Blue,,Green,Green,Green,Red,,60%,20%,20%,3,1,1
RVV03,ROYAL VICTORIA HOSPITAL (FOLKESTONE),Blue,,Green,Green,Green,Red,,60%,20%,20%,3,1,1
RXP09,PETERLEE COMMUNITY HOSPITAL,Blue,,Green,Green,Green,Red,,60%,20%,20%,3,1,1
RXP11,SHOTLEY BRIDGE COMMUNITY HOSPITAL,Blue,,Green,Green,Green,Red,,60%,20%,20%,3,1,1
RXP35,NEW RICHARDSON HOSPITAL,Blue,,Green,Green,Green,Red,,60%,20%,20%,3,1,1
RXP69,WEARDALE HOSPITAL,Blue,,Green,Green,Green,Red,119%,60%,20%,20%,3,1,1
RJR60,ELLESMERE PORT HOSPITAL,Red,,Green,Green,Green,Blue,104%,60%,20%,20%,3,1,1
RRK15,QUEEN ELIZABETH HOSPITAL BIRMINGHAM,Blue,,Green,Green,Red,Green,102%,60%,20%,20%,3,1,1
RXPCL,SEDGEFIELD COMMUNITY HOSPITAL,Blue,,Green,Green,Green,Red,102%,60%,20%,20%,3,1,1
RAN01,THE ROYAL NATIONAL ORTHOPAEDIC HOSPITAL (STANMORE),,Blue,Green,Green,Red,Green,99%,60%,20%,20%,3,1,1
RTFDM,WHALTON UNIT,Green,Blue,Red,Green,,Green,97%,60%,20%,20%,3,1,1
RBZ79,WHIPTON HOSPITAL,Red,,Green,Green,Green,Blue,94%,60%,20%,20%,3,1,1
RHM04,COUNTESS MOUNTBATTEN HOUSE,Green,,Green,Red,Green,Blue,94%,60%,20%,20%,3,1,1
REP01,LIVERPOOL WOMENS HOSPITAL,,Green,Green,Green,Red,Blue,94%,60%,20%,20%,3,1,1
RLU01,BIRMINGHAM WOMEN'S HOSPITAL,,Blue,Green,Red,Green,Green,92%,60%,20%,20%,3,1,1
RDDH1,ORSETT HOSPITAL,Red,,Green,Green,Green,Red,,60%,0%,40%,3,0,2
RMC10,ROYAL BOLTON OPHTHALMOLOGY CATS SALFORD ROYAL,Red,,Green,Green,Green,Red,,60%,0%,40%,3,0,2
RXCLV,LEWES VICTORIA HOSPITAL,Red,,Green,Green,Green,Red,,60%,0%,40%,3,0,2
RXH05,BRIGHTON GENERAL HOSPITAL,Red,,Green,Green,Green,Red,,60%,0%,40%,3,0,2
RXR70,CLITHEROE COMMUNITY HOSPITAL,Red,,Green,Green,Green,Red,,60%,0%,40%,3,0,2
RXR60,ACCRINGTON VICTORIA HOSPITAL,Red,,Green,Green,Green,Red,104%,60%,0%,40%,3,0,2
RMC01,ROYAL BOLTON HOSPITAL,Red,,Green,Green,Green,Red,97%,60%,0%,40%,3,0,2
RXK01,SANDWELL GENERAL HOSPITAL,Blue,Blue,Green,Green,Green,Blue,121%,50%,50%,0%,3,3,0
RXK10,ROWLEY REGIS HOSPITAL,Blue,Blue,Green,Green,Green,Blue,121%,50%,50%,0%,3,3,0
RWH20,QUEEN ELIZABETH I I HOSPITAL,Blue,Blue,Green,Green,Green,Blue,115%,50%,50%,0%,3,3,0
RXK02,CITY HOSPITAL,Blue,Blue,Green,Green,Green,Blue,114%,50%,50%,0%,3,3,0
RWH01,LISTER HOSPITAL,Blue,Blue,Green,Green,Green,Blue,106%,50%,50%,0%,3,3,0
RA701,BRISTOL ROYAL INFIRMARY,Blue,Blue,Green,Green,Green,Blue,105%,50%,50%,0%,3,3,0
RQQ31,HINCHINGBROOKE HOSPITAL,Blue,Blue,Green,Green,Green,Blue,105%,50%,50%,0%,3,3,0
RA201,ROYAL SURREY COUNTY HOSPITAL,Blue,Blue,Green,Green,Green,Blue,102%,50%,50%,0%,3,3,0
RKB01,UNIVERSITY HOSPITAL (COVENTRY),Blue,Blue,Green,Green,Green,Blue,101%,50%,50%,0%,3,3,0
RWY01,HUDDERSFIELD ROYAL INFIRMARY,Blue,Blue,Green,Green,Green,Blue,100%,50%,50%,0%,3,3,0
RQ8LJ,ST PETER'S HOSPITAL,Blue,Blue,Green,Green,Green,Blue,100%,50%,50%,0%,3,3,0
RYJ04,QUEEN CHARLOTTE'S HOSPITAL,Blue,Blue,Green,Green,Green,Blue,100%,50%,50%,0%,3,3,0
RQ8L0,BROOMFIELD HOSPITAL,Blue,Blue,Green,Green,Green,Blue,99%,50%,50%,0%,3,3,0
RJN71,MACCLESFIELD DISTRICT GENERAL HOSPITAL,Blue,Blue,Green,Green,Green,Blue,98%,50%,50%,0%,3,3,0
RYJ01,ST MARY'S HOSPITAL (HQ),Blue,Blue,Green,Green,Green,Blue,98%,50%,50%,0%,3,3,0
RBL20,CLATTERBRIDGE HOSPITAL,Blue,Blue,Green,Green,Green,Blue,98%,50%,50%,0%,3,3,0
RYJ02,CHARING CROSS HOSPITAL,Blue,Blue,Green,Green,Green,Blue,97%,50%,50%,0%,3,3,0
RWP50,WORCESTERSHIRE ROYAL HOSPITAL,Blue,Blue,Green,Green,Green,Blue,97%,50%,50%,0%,3,3,0
RYJ03,HAMMERSMITH HOSPITAL,Blue,Blue,Green,Green,Green,Blue,97%,50%,50%,0%,3,3,0
RTP04,EAST SURREY HOSPITAL,Blue,Blue,Green,Green,Green,Blue,97%,50%,50%,0%,3,3,0
RBL14,ARROWE PARK HOSPITAL,Blue,Blue,Green,Green,Green,Blue,96%,50%,50%,0%,3,3,0
RWH04,MOUNT VERNON CANCER CENTRE,Blue,Blue,Green,Green,Green,Blue,96%,50%,50%,0%,3,3,0
RA773,SOUTH BRISTOL COMMUNITY HOSPITAL,Blue,Blue,Green,Green,Green,Blue,95%,50%,50%,0%,3,3,0
RXN01,CHORLEY & SOUTH RIBBLE HOSPITAL,Blue,Blue,Green,Green,Green,Blue,95%,50%,50%,0%,3,3,0
RKB03,HOSPITAL OF ST CROSS,Blue,Blue,Green,Green,Green,Blue,94%,50%,50%,0%,3,3,0
RJN63,CONGLETON WAR MEMORIAL HOSPITAL,Blue,Blue,Green,Green,Green,Blue,93%,50%,50%,0%,3,3,0
RFFAA,BARNSLEY HOSPITAL,Blue,Blue,Green,Green,Green,Blue,91%,50%,50%,0%,3,3,0
RWY02,CALDERDALE ROYAL HOSPITAL,Blue,Blue,Green,Green,Green,Blue,91%,50%,50%,0%,3,3,0
RWP01,ALEXANDRA HOSPITAL,Blue,Blue,Green,Green,Green,Blue,90%,50%,50%,0%,3,3,0
RAS02,MOUNT VERNON HOSPITAL SITE,Blue,Blue,Green,Green,Green,Blue,87%,50%,50%,0%,3,3,0
RCBCA,SCARBOROUGH GENERAL HOSPITAL,Blue,Blue,Green,Green,Green,Blue,85%,50%,50%,0%,3,3,0
RBZ84,EXMOUTH HOSPITAL,Red,Blue,Green,Green,Green,Blue,,50%,33%,17%,3,2,1
RBZ98,TORRINGTON HOSPITAL,Red,Blue,Green,Green,Green,Blue,,50%,33%,17%,3,2,1
RLQ03,BROMYARD COMMUNITY HOSPITAL,Blue,Blue,Green,Green,Green,Red,,50%,33%,17%,3,2,1
RLQ06,LEOMINSTER COMMUNITY HOSPITAL,Blue,Blue,Green,Green,Green,Red,,50%,33%,17%,3,2,1
RR814,SEACROFT HOSPITAL,Blue,Blue,Green,Green,Green,Red,,50%,33%,17%,3,2,1
RVJ01,SOUTHMEAD HOSPITAL,Blue,Red,Green,Green,Green,Blue,,50%,33%,17%,3,2,1
RVJ20,FRENCHAY HOSPITAL,Blue,Red,Green,Green,Green,Blue,,50%,33%,17%,3,2,1
RXPCC,CHESTER LE STREET HOSPITAL,Blue,Blue,Green,Green,Green,Red,126%,50%,33%,17%,3,2,1
RXPBA,BISHOP AUCKLAND HOSPITAL,Blue,Blue,Green,Green,Green,Red,119%,50%,33%,17%,3,2,1
RW604,ROCHDALE INFIRMARY,Blue,Blue,Green,Green,Green,Red,108%,50%,33%,17%,3,2,1
RA901,TORBAY HOSPITAL,Blue,Blue,Red,Green,Green,Green,108%,50%,33%,17%,3,2,1
RP5MM,MONTAGU HOSPITAL,Red,Blue,Green,Green,Green,Blue,107%,50%,33%,17%,3,2,1
RR807,WHARFEDALE HOSPITAL,Blue,Blue,Green,Green,Green,Red,106%,50%,33%,17%,3,2,1
RK5HP,NEWARK HOSPITAL,Blue,Green,Green,Red,Green,Blue,106%,50%,33%,17%,3,2,1
RW3TR,TRAFFORD GENERAL HOSPITAL,Blue,Red,Green,Green,Green,Blue,103%,50%,33%,17%,3,2,1
RLT01,GEORGE ELIOT HOSPITAL - ACUTE SERVICES,Blue,Blue,Green,Green,Green,Red,103%,50%,33%,17%,3,2,1
RA430,YEOVIL DISTRICT HOSPITAL,Red,Blue,Green,Green,Green,Blue,101%,50%,33%,17%,3,2,1
RW601,FAIRFIELD GENERAL HOSPITAL,Blue,Blue,Green,Green,Green,Red,100%,50%,33%,17%,3,2,1
RR819,CHAPEL ALLERTON HOSPITAL,Blue,Blue,Green,Green,Green,Red,100%,50%,33%,17%,3,2,1
RTXBW,WESTMORLAND GENERAL HOSPITAL,Blue,Blue,Green,Green,Green,Red,99%,50%,33%,17%,3,2,1
RW603,ROYAL OLDHAM HOSPITAL,Blue,Blue,Green,Green,Green,Red,99%,50%,33%,17%,3,2,1
RAE05,ST LUKES HOSPITAL,Green,Blue,Green,Green,Red,Blue,98%,50%,33%,17%,3,2,1
RBZ93,TIVERTON AND DISTRICT HOSPITAL,Red,Blue,Green,Green,Green,Blue,98%,50%,33%,17%,3,2,1
RJR05,COUNTESS OF CHESTER HOSPITAL,Red,Blue,Green,Green,Green,Blue,98%,50%,33%,17%,3,2,1
RVY02,ORMSKIRK & DISTRICT GENERAL HOSPITAL,Blue,Blue,Green,Green,Green,Red,98%,50%,33%,17%,3,2,1
RBZ95,BIDEFORD HOSPITAL,Red,Blue,Green,Green,Green,Blue,97%,50%,33%,17%,3,2,1
RGR50,WEST SUFFOLK HOSPITAL,Blue,Blue,Green,Red,Green,Green,97%,50%,33%,17%,3,2,1
RN506,BASINGSTOKE AND NORTH HAMPSHIRE HOSPITAL,Green,Blue,Green,Green,Red,Blue,96%,50%,33%,17%,3,2,1
RLNGM,SUNDERLAND EYE INFIRMARY,Red,Blue,Green,Green,Green,Blue,96%,50%,33%,17%,3,2,1
RN325,THE GREAT WESTERN HOSPITAL,Green,Blue,Green,Green,Red,Blue,96%,50%,33%,17%,3,2,1
RVWAE,UNIVERSITY HOSPITAL OF NORTH TEES,Blue,Blue,Green,Green,Green,Red,96%,50%,33%,17%,3,2,1
RHQNG,NORTHERN GENERAL HOSPITAL,Red,Blue,Green,Green,Green,Blue,96%,50%,33%,17%,3,2,1
RX1RA,NOTTINGHAM UNIVERSITY NHS TRUST - QUEEN'S MEDICAL CENTRE CAMPUS,Green,Blue,Green,Green,Red,Blue,96%,50%,33%,17%,3,2,1
RJD13,CANNOCK CHASE HOSPITAL,Red,Blue,Green,Green,Green,Blue,95%,50%,33%,17%,3,2,1
RVWAA,UNIVERSITY HOSPITAL OF HARTLEPOOL,Blue,Blue,Green,Green,Green,Red,95%,50%,33%,17%,3,2,1
RP5BA,BASSETLAW HOSPITAL,Red,Blue,Green,Green,Green,Blue,95%,50%,33%,17%,3,2,1
RVR50,EPSOM HOSPITAL,Red,Blue,Green,Green,Green,Blue,95%,50%,33%,17%,3,2,1
RVR05,ST HELIER HOSPITAL,Red,Blue,Green,Green,Green,Blue,95%,50%,33%,17%,3,2,1
RP5DR,DONCASTER ROYAL INFIRMARY,Red,Blue,Green,Green,Green,Blue,95%,50%,33%,17%,3,2,1
RBZ92,HOLSWORTHY HOSPITAL,Red,Blue,Green,Green,Green,Blue,94%,50%,33%,17%,3,2,1
RJF05,SIR ROBERT PEEL HOSPITAL,Red,Blue,Green,Green,Green,Blue,94%,50%,33%,17%,3,2,1
RN541,ROYAL HAMPSHIRE COUNTY HOSPITAL,Green,Blue,Green,Green,Red,Blue,94%,50%,33%,17%,3,2,1
RR801,LEEDS GENERAL INFIRMARY,Blue,Blue,Green,Green,Green,Red,94%,50%,33%,17%,3,2,1
RBZ83,SIDMOUTH HOSPITAL,Red,Blue,Green,Green,Green,Blue,94%,50%,33%,17%,3,2,1
RHQHH,ROYAL HALLAMSHIRE HOSPITAL,Red,Blue,Green,Green,Green,Blue,93%,50%,33%,17%,3,2,1
RBZ91,ILFRACOMBE,Red,Blue,Green,Green,Green,Blue,93%,50%,33%,17%,3,2,1
RAPNM,NORTH MIDDLESEX HOSPITAL,Blue,Red,Green,Green,Green,Blue,93%,50%,33%,17%,3,2,1
RRF02,ROYAL ALBERT EDWARD INFIRMARY,Red,Blue,Green,Green,Green,Blue,93%,50%,33%,17%,3,2,1
RVV01,WILLIAM HARVEY HOSPITAL (ASHFORD),Blue,Blue,Green,Green,Green,Red,93%,50%,33%,17%,3,2,1
RHQWP,WESTON PARK HOSPITAL,Red,Blue,Green,Green,Green,Blue,93%,50%,33%,17%,3,2,1
RVVKC,KENT & CANTERBURY HOSPITAL,Blue,Blue,Green,Green,Green,Red,92%,50%,33%,17%,3,2,1
RHM01,SOUTHAMPTON GENERAL HOSPITAL,Green,Blue,Green,Red,Green,Blue,92%,50%,33%,17%,3,2,1
RM202,WYTHENSHAWE HOSPITAL,Blue,Blue,Green,Green,Red,Green,91%,50%,33%,17%,3,2,1
RLNGL,SUNDERLAND ROYAL HOSPITAL,Red,Blue,Green,Green,Green,Blue,91%,50%,33%,17%,3,2,1
RGP75,JAMES PAGET UNIVERSITY HOSPITAL,Blue,Green,Green,Green,Red,Blue,88%,50%,33%,17%,3,2,1
RJ701,ST GEORGE'S HOSPITAL (TOOTING),Green,Blue,Green,Green,Red,Blue,87%,50%,33%,17%,3,2,1
RF4DG,KING GEORGE HOSPITAL,Blue,Blue,Green,Green,Green,Red,85%,50%,33%,17%,3,2,1
RBZ99,SOUTH MOLTON HOSPITAL,Red,Blue,Green,Green,Green,Blue,85%,50%,33%,17%,3,2,1
REF01,WEST CORNWALL HOSPITAL (PENZANCE),Red,Blue,Green,Green,Green,Red,115%,50%,17%,33%,3,1,2
RXR50,PENDLE COMMUNITY HOSPITAL,Red,Blue,Green,Green,Green,Red,115%,50%,17%,33%,3,1,2
RXQ50,WYCOMBE HOSPITAL,Red,Blue,Green,Green,Green,Red,110%,50%,17%,33%,3,1,2
RXQ62,THAME HOSPITAL,Red,Blue,Green,Green,Green,Red,107%,50%,17%,33%,3,1,2
RTXBU,FURNESS GENERAL HOSPITAL,Blue,Red,Green,Green,Green,Red,103%,50%,17%,33%,3,1,2
RXC03,BEXHILL HOSPITAL,Red,Blue,Green,Green,Green,Red,103%,50%,17%,33%,3,1,2
RXQ65,MARLOW HOSPITAL,Red,Blue,Green,Green,Green,Red,101%,50%,17%,33%,3,1,2
RBT20,LEIGHTON HOSPITAL,Green,Red,Green,Green,Red,Blue,99%,50%,17%,33%,3,1,2
RXC01,CONQUEST HOSPITAL,Red,Blue,Green,Green,Green,Red,99%,50%,17%,33%,3,1,2
RJF02,"QUEEN'S HOSPITAL, BURTON UPON TRENT",Red,Red,Green,Green,Green,Blue,98%,50%,17%,33%,3,1,2
RGN49,STAMFORD & RUTLAND HOSPITAL,Green,Green,Green,Red,Red,Blue,97%,50%,17%,33%,3,1,2
RQM01,CHELSEA & WESTMINSTER HOSPITAL,Red,Blue,Green,Red,Green,Green,97%,50%,17%,33%,3,1,2
RR813,ST JAMES'S UNIVERSITY HOSPITAL,Blue,Red,Green,Green,Green,Red,96%,50%,17%,33%,3,1,2
RVV09,QUEEN ELIZABETH THE QUEEN MOTHER HOSPITAL,Blue,Red,Green,Green,Green,Red,94%,50%,17%,33%,3,1,2
RQ601,BROADGREEN HOSPITAL,Red,Green,Red,Green,Green,Blue,93%,50%,17%,33%,3,1,2
RAE01,BRADFORD ROYAL INFIRMARY,Green,Red,Green,Green,Red,Blue,90%,50%,17%,33%,3,1,2
REF02,ST MICHAEL'S HOSPITAL,Red,Blue,Green,Green,Green,Red,90%,50%,17%,33%,3,1,2
R1H83,THE LONDON CHEST HOSPITAL,Blue,Green,Green,Red,Green,Red,80%,50%,17%,33%,3,1,2
RXR20,ROYAL BLACKBURN HOSPITAL,Red,Green,Green,Green,Red,Red,,50%,0%,50%,3,0,3
RXQ61,BUCKINGHAM HOSPITAL,Red,Red,Green,Green,Green,Red,103%,50%,0%,50%,3,0,3
REF12,ROYAL CORNWALL HOSPITAL (TRELISKE),Red,Red,Green,Green,Green,Red,97%,50%,0%,50%,3,0,3
RXWMJ,ROBERT JONES & AGNES HUNT ORTHOPAEDIC & DISTRICT HOSPITAL,Red,Green,Green,Red,Green,Red,95%,50%,0%,50%,3,0,3
RXH09,PRINCESS ROYAL HOSPITAL,Red,Green,Green,Green,Red,Red,93%,50%,0%,50%,3,0,3
RJEHQ,UNIVERSITY HOSPITAL OF NORTH STAFFORDSHIRE,Blue,,Green,Green,,Blue,,50%,50%,0%,2,2,0
RYR14,SOUTHLANDS HOSPITAL,Blue,,Green,,Green,Blue,,50%,50%,0%,2,2,0
RXK03,BIRMINGHAM MIDLAND EYE CENTRE (BMEC),Blue,,Green,Green,,Blue,113%,50%,50%,0%,2,2,0
RTR28,LAMBERT MEMORIAL COMMUNITY HOSPITAL,Blue,,Green,Green,,Blue,100%,50%,50%,0%,2,2,0
RWPTC,KIDDERMINSTER TREATMENT CENTRE - ACUTE TRUST,Blue,,Green,Green,,Blue,100%,50%,50%,0%,2,2,0
RW3RE,MANCHESTER ROYAL EYE HOSPITAL,Blue,,Green,Green,,Blue,98%,50%,50%,0%,2,2,0
RWF10,TONBRIDGE COTTAGE HOSPITAL STROKE UNIT,Blue,,Green,Green,,Blue,96%,50%,50%,0%,2,2,0
RTR27,CARTER BEQUEST PRIMARY CARE HOSPITAL,Blue,,Green,Green,,Blue,94%,50%,50%,0%,2,2,0
RQ8LK,WILLIAM JULIEN COURTAULD HOSPITAL,Blue,,Green,Green,,Blue,93%,50%,50%,0%,2,2,0
RW3RC,ROYAL MANCHESTER CHILDREN'S HOSPITAL,Blue,,Green,Green,,Blue,92%,50%,50%,0%,2,2,0
RCB07,THE NEW SELBY WAR MEMORIAL HOSPITAL,Blue,,Green,Green,,Blue,92%,50%,50%,0%,2,2,0
RW3SM,ST MARY'S HOSPITAL,Blue,,Green,Green,,Blue,91%,50%,50%,0%,2,2,0
RJ231,QUEEN ELIZABETH HOSPITAL,Blue,,Green,,Green,Blue,91%,50%,50%,0%,2,2,0
RCB55,YORK HOSPITAL,Blue,,Green,Green,,Blue,90%,50%,50%,0%,2,2,0
RCBG1,WHITBY COMMUNITY HOSPITAL,Blue,,Green,Green,,Blue,90%,50%,50%,0%,2,2,0
RJE02,CITY GENERAL HOSPITAL,Blue,,Green,Green,,Blue,90%,50%,50%,0%,2,2,0
RCB05,ST MONICAS HOSPITAL,Blue,,Green,Green,,Blue,89%,50%,50%,0%,2,2,0
RXPCW,SHOTLEY BRIDGE HOSPITAL SITE,Blue,,Green,Green,,Red,114%,50%,25%,25%,2,1,1
RXPCJ,RICHARDSON HOSPITAL,Blue,,Green,Green,,Red,105%,50%,25%,25%,2,1,1
RBZ87,OKEHAMPTON HOSPITAL,Red,,Green,Green,,Blue,98%,50%,25%,25%,2,1,1
RVRTC,SOUTH WEST LONDON ELECTIVE ORTHOPAEDIC CENTRE,Red,,Green,Green,,Blue,97%,50%,25%,25%,2,1,1
RHQNP,BEECH HILL INTERMEDIATE UNIT,Red,,Green,Green,,Blue,96%,50%,25%,25%,2,1,1
R1F01,ST MARY'S HOSPITAL,Blue,,Red,Green,Green,,95%,50%,25%,25%,2,1,1
RBZ82,AXMINSTER HOSPITAL,Red,,Green,Green,,Blue,92%,50%,25%,25%,2,1,1
RXC14,CROWBOROUGH BIRTHING CENTRE,Red,,Green,Green,,Red,127%,50%,0%,50%,2,0,2
RXQFN,FLORENCE NIGHTINGALE HOSPICE,Red,,Green,Green,,Red,111%,50%,0%,50%,2,0,2
RXH06,ROYAL ALEXANDRA CHILDREN'S HOSPITAL,Red,,Green,Green,,Red,107%,50%,0%,50%,2,0,2
RXR01,BLACKBURN HOSPITALS,Red,,Green,Green,,Red,101%,50%,0%,50%,2,0,2
RDDH8,THE ESSEX CARDIOTHORACIC CENTRE,Red,,Green,Green,,Red,97%,50%,0%,50%,2,0,2
RXR02,BURNLEY HOSPITALS,Red,,Green,Green,,Red,97%,50%,0%,50%,2,0,2
RXF14,MONUMENT MY INTERMEDIATE CARE FACILITY,Red,,Green,Green,,Red,94%,50%,0%,50%,2,0,2
RXF15,QUEEN ELIZABETH MY INTERMEDIATE CARE FACILITY,Red,,Green,Green,,Red,90%,50%,0%,50%,2,0,2
RXR78,BLACKBURN BIRTH CENTRE,Red,,Green,Green,,Red,86%,50%,0%,50%,2,0,2
RDY38,FAIRMILE HOUSE (ACUTE MENTAL ILLNESS),,,,Red,Green,,,50%,0%,50%,1,0,1
RDYFT,MAIDEN CASTLE HOUSE,,,,Red,Green,,,50%,0%,50%,1,0,1
RDYNM,DORSET HEALTHCARE UNIVERSITY NHS FOUNDATION TRUST HQ,,,,Red,Green,,,50%,0%,50%,1,0,1
RJX04,CALDERSTONES HOSPITAL,,,,Green,Red,,,50%,0%,50%,1,0,1
RVN1H,JENNER HOUSE,,,,Green,Red,,,50%,0%,50%,1,0,1
RVN3Q,BLACKBERRY HILL HOSPITAL,,,,Green,Red,,,50%,0%,50%,1,0,1
RWV62,WONFORD HOUSE,,,,Green,Red,,,50%,0%,50%,1,0,1
RWV73,AVON HOUSE,,,,Green,Red,,,50%,0%,50%,1,0,1
RXX20,RIDGEWOOD CENTRE,,,,Green,Red,,,50%,0%,50%,1,0,1
RXX22,FARNHAM ROAD HOSPITAL,,,,Green,Red,,,50%,0%,50%,1,0,1
RXX90,A&E LIAISON,,,,Green,Red,,,50%,0%,50%,1,0,1
RYG12,THE MANOR HOSPITAL,,,,Green,Red,,,50%,0%,50%,1,0,1
RP1A1,ST MARY'S HOSPITAL,,,,Green,Red,,138%,50%,0%,50%,1,0,1
RT5KF,THE BRADGATE MENTAL HEALTH UNIT,,,,Green,Red,,126%,50%,0%,50%,1,0,1
RQY08,TOLWORTH HOSPITAL,,,,Green,Red,,123%,50%,0%,50%,1,0,1
RV509,THE LADYWELL UNIT,,,,Green,Red,,119%,50%,0%,50%,1,0,1
RDYFE,VICTORIA HOSPITAL W'BORNE,,,,Red,Green,,112%,50%,0%,50%,1,0,1
RV504,MAUDSLEY HOSPITAL,,,,Green,Red,,112%,50%,0%,50%,1,0,1
RDY22,ALDERNEY HOSPITAL,,,,Red,Green,,111%,50%,0%,50%,1,0,1
RMY01,HELLESDON HOSPITAL,,,,Green,Red,,108%,50%,0%,50%,1,0,1
R1G14,TOTNES HOSPITAL,,,,Green,Red,,108%,50%,0%,50%,1,0,1
RDYFD,WAREHAM COMMUNITY HOSPITAL,,,,Red,Green,,107%,50%,0%,50%,1,0,1
RDY10,ST ANN'S HOSPITAL,,,,Red,Green,,105%,50%,0%,50%,1,0,1
RXG10,FIELDHEAD HOSPITAL,,,,Green,Red,,105%,50%,0%,50%,1,0,1
RDYFF,SWANAGE COMMUNTIY HOSPITAL,,,,Red,Green,,103%,50%,0%,50%,1,0,1
RDYCV,OAKCROFT,,,,Red,Green,,100%,50%,0%,50%,1,0,1
RRP23,EDGWARE COMMUNITY HOSPITAL,,,,Green,Red,,100%,50%,0%,50%,1,0,1
RHANM,HIGHBURY HOSPITAL,,,,Green,Red,,99%,50%,0%,50%,1,0,1
R1EE5,BRADWELL HOSPITAL,,,,Green,Red,,99%,50%,0%,50%,1,0,1
RXA54,CLATTERBRIDGE HOSPITAL PSYCH SERVICES,,,,Green,Red,,99%,50%,0%,50%,1,0,1
RRP16,CHASE FARM HOSPITAL,,,,Green,Red,,99%,50%,0%,50%,1,0,1
RWX51,PROSPECT PARK HOSPITAL,,,,Green,Red,,98%,50%,0%,50%,1,0,1
RGDT9,LIME TREES,,,,Green,Red,,98%,50%,0%,50%,1,0,1
RYW23,MOSELEY HALL HOSPITAL,,,,Green,Red,,98%,50%,0%,50%,1,0,1
RV320,ST CHARLES HOSPITAL,,,,Green,Red,,94%,50%,0%,50%,1,0,1
RXA19,BOWMERE HOSPITAL,,,,Green,Red,,92%,50%,0%,50%,1,0,1
RT113,FULBOURN HOSPITAL,,,,Green,Red,,86%,50%,0%,50%,1,0,1
RA707,ST MICHAEL'S HOSPITAL,Blue,Blue,Green,Green,,Blue,107%,40%,60%,0%,2,3,0
RA710,BRISTOL HAEMATOLOGY & ONCOLOGY CENTRE,Blue,Blue,Green,Green,,Blue,104%,40%,60%,0%,2,3,0
RA708,BRISTOL EYE HOSPITAL,Blue,Blue,Green,Green,,Blue,100%,40%,60%,0%,2,3,0
RYR18,WORTHING HOSPITAL,Blue,Blue,Green,,Green,Blue,97%,40%,60%,0%,2,3,0
RA7C1,UNIVERSITY HOSPITAL BRISTOL,Blue,,Green,Green,Red,Blue,,40%,40%,20%,2,2,1
RC311,CLAYPONDS HOSPITAL,Blue,,Green,Red,Green,Blue,,40%,40%,20%,2,2,1
RCB16,BOOTHAM PARK HOSPITAL,Blue,,Green,Green,Red,Blue,,40%,40%,20%,2,2,1
RHW03,KING EDWARD VII HOSPITAL,Blue,,Green,Red,Green,Blue,,40%,40%,20%,2,2,1
RHW05,WEST BERKSHIRE COMMUNITY HOSPITAL,Blue,,Green,Red,Green,Blue,,40%,40%,20%,2,2,1
RNA04,CORBETT HOSPITAL,Blue,,Green,Red,Green,Blue,,40%,40%,20%,2,2,1
RQWG1,ST. MARGARET'S HOSPITAL,Blue,,Green,Green,Red,Blue,,40%,40%,20%,2,2,1
RQWG2,HERTS & ESSEX COMMUNITY HOSPITAL,Blue,,Green,Green,Red,Blue,,40%,40%,20%,2,2,1
RVJ05,THORNBURY HOSPITAL,Blue,Red,Green,Green,,Blue,,40%,40%,20%,2,2,1
RW605,BIRCH HILL HOSPITAL,Blue,Blue,Green,Green,,Red,103%,40%,40%,20%,2,2,1
RK5BL,MANSFIELD COMMUNITY HOSPITAL,Blue,,Green,Red,Green,Blue,102%,40%,40%,20%,2,2,1
RTGFA,LONDON ROAD COMMUNITY HOSPITAL,Blue,,Red,Green,Green,Blue,98%,40%,40%,20%,2,2,1
RBZ80,HONITON HOSPITAL,Red,Blue,Green,Green,,Blue,98%,40%,40%,20%,2,2,1
RBZ81,OTTERY ST MARY HOSPITAL,Red,Blue,Green,Green,,Blue,97%,40%,40%,20%,2,2,1
RYR16,ST RICHARD'S HOSPITAL,Blue,Green,Green,,Red,Blue,97%,40%,40%,20%,2,2,1
RJF04,SAMUEL JOHNSON COMMUNITY HOSPITAL,Red,Blue,Green,Green,,Blue,96%,40%,40%,20%,2,2,1
RC971,LUTON & DUNSTABLE HOSPITAL,Blue,Green,Green,,Red,Blue,96%,40%,40%,20%,2,2,1
RBZ86,SEATON HOSPITAL,Red,Blue,Green,Green,,Blue,95%,40%,40%,20%,2,2,1
RW3MR,MANCHESTER ROYAL INFIRMARY,Blue,,Green,Green,Red,Blue,94%,40%,40%,20%,2,2,1
RBZ85,BUDLEIGH SALTERTON HOSPITAL,Red,Blue,Green,Green,,Blue,91%,40%,40%,20%,2,2,1
RBZ88,CREDITON HOSPITAL,Red,Blue,Green,Green,,Blue,88%,40%,40%,20%,2,2,1
RJL31,GOOLE & DISTRICT HOSPITAL (ACUTE),Blue,Blue,Green,,Green,Red,84%,40%,40%,20%,2,2,1
RQ614,ROYAL LIVERPOOL UNIVERSITY DENTAL HOSPITAL,Red,,Red,Green,Green,Blue,,40%,20%,40%,2,1,2
RTE06,GLOUCESTERSHIRE HOSPITALS NHS TRUST HQ,Blue,,Red,Green,Green,Red,,40%,20%,40%,2,1,2
RTE14,TEWKESBURY GENERAL HOSPITAL,Blue,,Red,Green,Green,Red,,40%,20%,40%,2,1,2
RTE23,CIRENCESTER HOSPITAL,Blue,,Red,Green,Green,Red,,40%,20%,40%,2,1,2
RTE26,STROUD GENERAL HOSPITAL,Blue,,Red,Green,Green,Red,,40%,20%,40%,2,1,2
RTE32,LYDNEY & DISTRICT HOSPITAL SITE,Blue,,Red,Green,Green,Red,,40%,20%,40%,2,1,2
RWE10,ST MARY'S HOSPITAL,Blue,,Green,Red,Green,Red,,40%,20%,40%,2,1,2
RWG08,HEMEL HEMPSTEAD HOSPITAL,Blue,,Green,Red,Green,Red,,40%,20%,40%,2,1,2
RJL30,"DIANA, PRINCESS OF WALES HOSPITAL",Blue,Red,Green,,Green,Red,102%,40%,20%,40%,2,1,2
RJL32,SCUNTHORPE GENERAL HOSPITAL,Blue,Red,Green,,Green,Red,100%,40%,20%,40%,2,1,2
RXH07,SUSSEX EYE HOSPITAL,Red,Blue,Green,Green,,Red,100%,40%,20%,40%,2,1,2
RGN80,PETERBOROUGH CITY HOSPITAL,Green,,Green,Red,Red,Blue,94%,40%,20%,40%,2,1,2
R1HM0,ST BARTHOLOMEW'S HOSPITAL,Blue,,Green,Red,Green,Red,92%,40%,20%,40%,2,1,2
RJ613,PURLEY WAR MEMORIAL HOSPITAL,Red,,Red,Green,Green,Red,,40%,0%,60%,2,0,3
RNLBE,PENRITH HOSPITAL,Red,,Red,Green,Green,Red,,40%,0%,60%,2,0,3
RWDAS,JOHN COUPLAND HOSPITAL,Red,,Green,Red,Green,Red,,40%,0%,60%,2,0,3
RWDLB,SKEGNESS & DISTRICT GENERAL HOSPITAL,Red,,Green,Red,Green,Red,,40%,0%,60%,2,0,3
RXH35,BEXHILL HOSPITAL,Red,,Green,Green,Red,Red,,40%,0%,60%,2,0,3
RXQ51,AMERSHAM HOSPITAL,Red,,Green,Green,Red,Red,102%,40%,0%,60%,2,0,3
RXWMB,BRIDGNORTH HOSPITAL (MATERNITY),Red,,Green,Red,Green,Red,100%,40%,0%,60%,2,0,3
RXWML,LUDLOW HOSPITAL (MATERNITY),Red,,Green,Red,Green,Red,100%,40%,0%,60%,2,0,3
RWDAA,COUNTY HOSPITAL LOUTH,Red,,Green,Red,Green,Red,81%,40%,0%,60%,2,0,3
RDZ05,CHRISTCHURCH HOSPITAL,Blue,Blue,Red,Green,Green,Blue,,33%,50%,17%,2,3,1
RKEQ4,THE WHITTINGTON HOSPITAL,Blue,Blue,Green,Green,Red,Blue,110%,33%,50%,17%,2,3,1
RM102,NORFOLK & NORWICH UNIVERSITY HOSPITAL,Blue,Blue,Green,Green,Red,Blue,106%,33%,50%,17%,2,3,1
RNA01,RUSSELLS HALL HOSPITAL,Blue,Blue,Green,Red,Green,Blue,105%,33%,50%,17%,2,3,1
RTK02,ASHFORD HOSPITAL,Blue,Blue,Green,Red,Green,Blue,105%,33%,50%,17%,2,3,1
RDZ20,ROYAL BOURNEMOUTH GENERAL HOSPITAL,Blue,Blue,Red,Green,Green,Blue,103%,33%,50%,17%,2,3,1
REM21,UNIVERSITY HOSPITAL AINTREE,Blue,Blue,Green,Green,Red,Blue,103%,33%,50%,17%,2,3,1
RWF03,THE MAIDSTONE HOSPITAL,Blue,Blue,Green,Green,Red,Blue,102%,33%,50%,17%,2,3,1
RBD01,DORSET COUNTY HOSPITAL,Blue,Blue,Green,Green,Red,Blue,100%,33%,50%,17%,2,3,1
RC110,BEDFORD HOSPITAL SOUTH WING,Blue,Blue,Green,Green,Red,Blue,99%,33%,50%,17%,2,3,1
RWFTW,THE TUNBRIDGE WELLS HOSPITAL,Blue,Blue,Green,Green,Red,Blue,99%,33%,50%,17%,2,3,1
RTK01,ST PETER'S HOSPITAL,Blue,Blue,Green,Red,Green,Blue,97%,33%,50%,17%,2,3,1
RGQ02,THE IPSWICH HOSPITAL NHS TRUST,Blue,Blue,Green,Green,Red,Blue,97%,33%,50%,17%,2,3,1
RQWG0,PRINCESS ALEXANDRA HOSPITAL,Blue,Blue,Green,Green,Red,Blue,95%,33%,50%,17%,2,3,1
RDEEB,ESSEX COUNTY HOSPITAL,Blue,Blue,Red,Green,Green,Blue,95%,33%,50%,17%,2,3,1
RVLC7,CHASE FARM HOSPITAL,Blue,Blue,Green,Green,Red,Blue,95%,33%,50%,17%,2,3,1
RHW01,ROYAL BERKSHIRE HOSPITAL,Blue,Blue,Green,Red,Green,Blue,94%,33%,50%,17%,2,3,1
RTE01,CHELTENHAM GENERAL HOSPITAL,Blue,Blue,Red,Green,Green,Red,106%,33%,33%,33%,2,2,2
RXPCP,UNIVERSITY HOSPITAL OF NORTH DURHAM,Blue,Blue,Green,Green,Red,Red,104%,33%,33%,33%,2,2,2
RK5BC,KING'S MILL HOSPITAL,Blue,Green,Green,Red,Red,Blue,104%,33%,33%,33%,2,2,2
RAJ01,SOUTHEND HOSPITAL,Blue,Red,Red,Green,Green,Blue,103%,33%,33%,33%,2,2,2
RWG03,ST ALBANS CITY HOSPITAL,Blue,Blue,Green,Red,Green,Red,102%,33%,33%,33%,2,2,2
RVY01,SOUTHPORT & FORMBY DISTRICT GENERAL HOSPITAL,Blue,Blue,Green,Green,Red,Red,101%,33%,33%,33%,2,2,2
RD130,ROYAL UNITED HOSPITAL,Red,Blue,Green,Green,Red,Blue,101%,33%,33%,33%,2,2,2
RR109,SOLIHULL HOSPITAL,Blue,Blue,Red,Green,Green,Red,101%,33%,33%,33%,2,2,2
RLQ01,HEREFORD COUNTY HOSPITAL,Blue,Blue,Green,Green,Red,Red,101%,33%,33%,33%,2,2,2
RPA02,MEDWAY MARITIME HOSPITAL,Blue,Blue,Green,Green,Red,Red,101%,33%,33%,33%,2,2,2
RNS01,NORTHAMPTON GENERAL HOSPITAL (ACUTE),Blue,Blue,Green,Green,Red,Red,101%,33%,33%,33%,2,2,2
RD750,WEXHAM PARK HOSPITAL,Blue,Blue,Green,Green,Red,Red,100%,33%,33%,33%,2,2,2
RVL01,BARNET HOSPITAL,Blue,Red,Green,Green,Red,Blue,100%,33%,33%,33%,2,2,2
RTX02,ROYAL LANCASTER INFIRMARY,Blue,Blue,Green,Green,Red,Red,98%,33%,33%,33%,2,2,2
RA301,WESTON GENERAL HOSPITAL,Blue,Blue,Red,Green,Green,Red,98%,33%,33%,33%,2,2,2
RR101,HEARTLANDS HOSPITAL,Blue,Blue,Red,Green,Green,Red,98%,33%,33%,33%,2,2,2
RXN02,ROYAL PRESTON HOSPITAL,Blue,Red,Green,Green,Red,Blue,97%,33%,33%,33%,2,2,2
RR105,GOOD HOPE HOSPITAL,Blue,Blue,Red,Green,Green,Red,97%,33%,33%,33%,2,2,2
RD752,HEATHERWOOD HOSPITAL,Blue,Blue,Green,Green,Red,Red,97%,33%,33%,33%,2,2,2
RV831,CENTRAL MIDDLESEX HOSPITAL,Red,Blue,Red,Green,Green,Blue,96%,33%,33%,33%,2,2,2
RNQ51,KETTERING GENERAL HOSPITAL,Blue,Blue,Green,Green,Red,Red,96%,33%,33%,33%,2,2,2
RTGFG,ROYAL DERBY HOSPITAL,Blue,Green,Red,Green,Red,Blue,95%,33%,33%,33%,2,2,2
RQ617,THE ROYAL LIVERPOOL UNIVERSITY HOSPITAL,Red,Blue,Red,Green,Green,Blue,95%,33%,33%,33%,2,2,2
RK950,DERRIFORD HOSPITAL,Blue,Red,Green,Green,Red,Blue,94%,33%,33%,33%,2,2,2
RV820,NORTHWICK PARK HOSPITAL,Red,Blue,Red,Green,Green,Blue,94%,33%,33%,33%,2,2,2
RBZ12,NORTH DEVON DISTRICT HOSPITAL,Red,Blue,Green,Green,Red,Blue,93%,33%,33%,33%,2,2,2
RAS01,HILLINGDON HOSPITAL,Blue,Red,Green,Green,Red,Blue,93%,33%,33%,33%,2,2,2
RWEAK,LEICESTER GENERAL HOSPITAL,Blue,Blue,Green,Red,Green,Red,93%,33%,33%,33%,2,2,2
RD816,MILTON KEYNES HOSPITAL,Blue,Red,Green,Green,Red,Blue,92%,33%,33%,33%,2,2,2
RWEAA,LEICESTER ROYAL INFIRMARY,Blue,Blue,Green,Red,Green,Red,92%,33%,33%,33%,2,2,2
RWEAE,GLENFIELD HOSPITAL,Blue,Blue,Green,Red,Green,Red,88%,33%,33%,33%,2,2,2
RXR10,BURNLEY GENERAL HOSPITAL,Red,Blue,Green,Green,Red,Red,,33%,17%,50%,2,1,3
RJD01,STAFFORD HOSPITAL,Red,Red,Green,Green,Red,Blue,117%,33%,17%,50%,2,1,3
RXQ02,STOKE MANDEVILLE HOSPITAL,Red,Blue,Green,Green,Red,Red,106%,33%,17%,50%,2,1,3
RTE03,GLOUCESTERSHIRE ROYAL HOSPITAL,Blue,Red,Red,Green,Green,Red,104%,33%,17%,50%,2,1,3
R1HNH,NEWHAM GENERAL HOSPITAL,Blue,Green,Green,Red,Red,Red,103%,33%,17%,50%,2,1,3
RDDH0,BASILDON UNIVERSITY HOSPITAL,Red,Blue,Green,Green,Red,Red,102%,33%,17%,50%,2,1,3
RW602,NORTH MANCHESTER GENERAL HOSPITAL,Blue,Red,Green,Green,Red,Red,101%,33%,17%,50%,2,1,3
RFW01,WEST MIDDLESEX UNIVERSITY HOSPITAL,Red,Blue,Green,Green,Red,Red,100%,33%,17%,50%,2,1,3
RFRPA,ROTHERHAM DISTRICT GENERAL HOSPITAL,Red,Blue,Green,Red,Green,Red,96%,33%,17%,50%,2,1,3
RXH01,ROYAL SUSSEX COUNTY HOSPITAL,Red,Blue,Green,Green,Red,Red,94%,33%,17%,50%,2,1,3
RXF05,PINDERFIELDS GENERAL HOSPITAL,Red,Blue,Green,Green,Red,Red,92%,33%,17%,50%,2,1,3
RXF10,DEWSBURY & DISTRICT HOSPITAL,Red,Blue,Green,Green,Red,Red,91%,33%,17%,50%,2,1,3
RF4QH,QUEEN'S HOSPITAL,Blue,Red,Green,Green,Red,Red,88%,33%,17%,50%,2,1,3
RWDLP,GRANTHAM & DISTRICT HOSPITAL,Red,Blue,Green,Red,Green,Red,87%,33%,17%,50%,2,1,3
RBS25,ALDER HEY CHILDREN'S NHS FOUNDATION TRUST,,,,Red,Red,Green,85%,33%,0%,67%,1,0,2
RD304,POOLE GENERAL HOSPITAL NHS TRUST HQ,Blue,,Green,Red,,Blue,109%,25%,50%,25%,1,2,1
RTE27,STROUD MATERNITY HOSPITAL,Blue,,Red,Green,,Red,100%,25%,25%,50%,1,1,2
RAX01,KINGSTON HOSPITAL,Blue,Blue,Red,,Green,Blue,100%,20%,60%,20%,1,3,1
RJ224,UNIVERSITY HOSPITAL LEWISHAM,Blue,Blue,Green,,Red,Blue,98%,20%,60%,20%,1,3,1
R1H13,MILE END HOSPITAL,Blue,,Green,Red,Red,Red,,20%,20%,60%,1,1,3
RV8M2,ST MARK'S HOSPITAL,Red,,Red,Green,Red,Blue,,20%,20%,60%,1,1,3
RFSDA,CHESTERFIELD ROYAL HOSPITAL,Blue,Blue,Green,Red,Red,Blue,96%,17%,50%,33%,1,3,2
RDEE4,COLCHESTER GENERAL HOSPITAL,Blue,Blue,Red,Green,Red,Blue,94%,17%,50%,33%,1,3,2
R1H12,THE ROYAL LONDON HOSPITAL,Blue,Blue,Green,Red,Red,Red,104%,17%,33%,50%,1,2,3
RBK02,MANOR HOSPITAL,Blue,Blue,Red,Red,Green,Red,104%,17%,33%,50%,1,2,3
RWG02,WATFORD GENERAL HOSPITAL,Blue,Blue,Green,Red,Red,Red,101%,17%,33%,50%,1,2,3
RC368,EALING HOSPITAL,Blue,Red,Green,Red,Red,Blue,100%,17%,33%,50%,1,2,3
RCX70,THE QUEEN ELIZABETH HOSPITAL,Blue,Blue,Green,Red,Red,Red,96%,17%,33%,50%,1,2,3
R1HKH,WHIPPS CROSS UNIVERSITY HOSPITAL,Blue,Blue,Green,Red,Red,Red,94%,17%,33%,50%,1,2,3
RWA01,HULL ROYAL INFIRMARY,Blue,Blue,Green,Red,Red,Red,86%,17%,33%,50%,1,2,3
RWA16,CASTLE HILL HOSPITAL,Blue,Blue,Green,Red,Red,Red,84%,17%,33%,50%,1,2,3
RMP01,TAMESIDE GENERAL HOSPITAL,Blue,Red,Red,Green,Red,Red,100%,17%,17%,67%,1,1,4
RXWAT,THE PRINCESS ROYAL HOSPITAL,Red,Blue,Green,Red,Red,Red,97%,17%,17%,67%,1,1,4
RXWAS,ROYAL SHREWSBURY HOSPITAL,Red,Blue,Green,Red,Red,Red,96%,17%,17%,67%,1,1,4
RNLBX,WEST CUMBERLAND HOSPITAL,Red,Blue,Red,Green,Red,Red,96%,17%,17%,67%,1,1,4
RWDLA,PILGRIM HOSPITAL,Red,Blue,Green,Red,Red,Red,83%,17%,17%,67%,1,1,4
RWDDA,LINCOLN COUNTY HOSPITAL,Red,Blue,Green,Red,Red,Red,80%,17%,17%,67%,1,1,4
RJ611,CROYDON UNIVERSITY HOSPITAL,Red,Red,Red,Green,Red,Red,103%,17%,0%,83%,1,0,5
RNLAY,CUMBERLAND INFIRMARY,Red,Red,Red,Green,Red,Red,93%,17%,0%,83%,1,0,5
RYQ32,ORPINGTON HOSPITAL,,Blue,,,,,,0%,100%,0%,0,1,0
RYQ50,QUEEN ELIZABETH HOSPITAL WOOLWICH,,Blue,,,,,,0%,100%,0%,0,1,0
RDYEG,WESTHAVEN HOSPITAL,,,,Red,Red,,110%,0%,0%,100%,0,0,2
RDYFG,ST LEONARDS COMMUNITY HOSPITAL,,,,Red,Red,,103%,0%,0%,100%,0,0,2
RRDAC,CHELMSFORD - THE ROWANS,,,,,Red,,,0%,0%,100%,0,0,1
RYQ10,QUEEN MARY'S HOSPITAL SIDCUP,,Red,,,,,,0%,0%,100%,0,0,1
RYQ30,PRINCESS ROYAL UNIVERSITY HOSPITAL,,Red,,,,,,0%,0%,100%,0,0,1
RDYPC,THE GLENDENNING UNIT,,,,Red,,,134%,0%,0%,100%,0,0,1
RDYFY,FLAGHEAD UNIT,,,,Red,,,116%,0%,0%,100%,0,0,1
RDY12,HERBERT HOSPITAL,,,,Red,,,113%,0%,0%,100%,0,0,1
RDYHC,ADULT MH - FORSTON UNIT AE,,,,Red,,,109%,0%,0%,100%,0,0,1
RDYEJ,BRIDPORT COMMUNITY HOSPITAL,,,,Red,,,108%,0%,0%,100%,0,0,1
RDYFC,YEATMAN HOSPITAL,,,,Red,,,106%,0%,0%,100%,0,0,1
RDYEY,WESTMINSTER MEMORIAL HOSPITAL,,,,Red,,,105%,0%,0%,100%,0,0,1
RDYHW,WEYMOUTH CHALBURY ELDERLY,,,,Red,,,103%,0%,0%,100%,0,0,1
RDYER,BLANDFORD COMMUNITY HOSPITAL,,,,Red,,,102%,0%,0%,100%,0,0,1
RDYKW,WEYMOUTH LINDEN UNIT,,,,Red,,,99%,0%,0%,100%,0,0,1
RDYEH,PORTLAND HOSPITAL,,,,Red,,,95%,0%,0%,100%,0,0,1
RYYAL,FAVERSHAM COTTAGE HOSPITAL,,,,,,,,,,,0,0,0
RYYC3,QUEEN VICTORIA MEMORIAL HOSPITAL,,,,,,,,,,,0,0,0
RYYC7,SHEPPY COMMUNITY HOSPITAL,,,,,,,,,,,0,0,0
RYYC8,SITTINGBOURNE MEMORIAL HOSPITAL,,,,,,,,,,,0,0,0
RYYCH,VICTORIA HOSPITAL,,,,,,,,,,,0,0,0
RYYCM,WHITSTABLE & TANKERTON HOSPITAL,,,,,,,,,,,0,0,0
RYYCW,ROYAL VICTORIA HOSPITAL FOLKESTONE,,,,,,,,,,,0,0,0
RYYD4,EDENBRIDGE HOSPITAL,,,,,,,,,,,0,0,0
RYYD8,LIVINGSTONE HOSPITAL,,,,,,,,,,,0,0,0
RYYD9,SEVENOAKS HOSPITAL,,,,,,,,,,,0,0,0
RYYDC,TONBRIDGE COTTAGE HOSPITAL,,,,,,,,,,,0,0,0
RYYDN,GRAVESHAM COMMUNITY HOSPITAL,,,,,,,,,,,0,0,0
RYYK4,HAWKHURST HOSPITAL,,,,,,,,,,,0,0,0
RWRA8,QE2 ADULT MYMMS WARD MENTAL HEALTH UNIT,,,,,,,149%,,,,0,0,0
RWR45,PROSPECT HOUSE,,,,,,,148%,,,,0,0,0
RWRA7,QE2 ADULT WELWYN WARD MENTAL HEALTH UNIT,,,,,,,147%,,,,0,0,0
RRDHD,EPPING - ST MARGARETS HOSPITAL,,,,,,,141%,,,,0,0,0
RWRA1,MHU SHRODELLS (ADULT ESSEX WARD),,,,,,,139%,,,,0,0,0
RRDHF,HARLOW - SYDENHAM HOUSE,,,,,,,138%,,,,0,0,0
RWR76,ELDERLY MENTAL AND INFIRM UNIT VICTORIA COURT,,,,,,,131%,,,,0,0,0
RRDA1,COLCHESTER - THE BRAMBLES,,,,,,,126%,,,,0,0,0
RXEC4,ROTHERHAM LEARNING DISABILITIES ASSESSMENT AND TREATMENT UNIT,,,,,,,123%,,,,0,0,0
RWR79,ADULT MENTAL HEALTH UNIT (GAINSFORD HOUSE),,,,,,,121%,,,,0,0,0
RRDAH,CHELMSFORD - THE LINDEN CENTRE,,,,,,,117%,,,,0,0,0
RRD16,THE CRYSTAL CENTRE,,,,,,,115%,,,,0,0,0
RXEAA,ST CATHERINE'S,,,,,,,112%,,,,0,0,0
RWRA3,LISTER ADULT ASTON WARD MENTAL HEALTH UNIT,,,,,,,112%,,,,0,0,0
RRDPA,HARLOW - DERWENT CENTRE,,,,,,,112%,,,,0,0,0
RRDD7,COLCHESTER - KING'S WOOD CENTRE,,,,,,,109%,,,,0,0,0
RWR13,MENTAL HEALTH SERVICE (ALBANY LODGE),,,,,,,109%,,,,0,0,0
RWR32,LOGANDENE EMI UNIT,,,,,,,106%,,,,0,0,0
RXEA1,TICKHILL ROAD HOSPITAL,,,,,,,105%,,,,0,0,0
RRDE1,COLCHESTER - THE LAKES,,,,,,,105%,,,,0,0,0
RWRF3,LITTLE PLUMSTEAD HOSPITAL,,,,,,,104%,,,,0,0,0
RWRG9,THE BEACON,,,,,,,103%,,,,0,0,0
RWR77,ELDERLY MENTAL AND INFIRM UNIT ELIZABETH COURT,,,,,,,103%,,,,0,0,0
RWR60,MENTAL HEALTH SERVICE (THE MEADOWS),,,,,,,102%,,,,0,0,0
RWR09,ST ALBANS ROAD,,,,,,,101%,,,,0,0,0
RXE07,ROTHERHAM OLDER PEOPLE'S MENTAL HEALTH SERVICES,,,,,,,101%,,,,0,0,0
RWR19,COMMUNITY SUPPORT UNIT (WATFORD),,,,,,,100%,,,,0,0,0
RRDE2,CLACTON - MENTAL HEALTH SERVICES - CLACTON HOSPITAL,,,,,,,100%,,,,0,0,0
RWRA9,QE2 MOTHER & BABY THUMBSWOOD UNIT MENTAL HEALTH UNIT,,,,,,,100%,,,,0,0,0
RWR78,ADULT MENTAL HEALTH UNIT (HAMPDEN HOUSE),,,,,,,99%,,,,0,0,0
RRDE0,COLCHESTER - BIRCHWOOD,,,,,,,99%,,,,0,0,0
R1J21,NORTH COTSWOLD HOSPITAL,,,,,,,98%,,,,0,0,0
RWR23,ERIC SHEPHERD ADMINISTRATION,,,,,,,98%,,,,0,0,0
RWR31,LAMBOURN GROVE,,,,,,,98%,,,,0,0,0
RWRG7,LEXDEN SITE,,,,,,,97%,,,,0,0,0
RWR47,SEWARD LODGE,,,,,,,96%,,,,0,0,0
R1J18,NEW TEWKESBURY COMMUNITY HOSPITAL,,,,,,,94%,,,,0,0,0
RWR62,THE STEWARTS,,,,,,,88%,,,,0,0,0
R1J11,LYDNEY & DISTRICT HOSPITAL SITE,,,,,,,79%,,,,0,0,0
